ToolSync API startet...
2026-08-15 19:53:24,851 INFO sqlalchemy.engine.Engine BEGIN (implicit)
2026-08-15 19:53:24,904 INFO sqlalchemy.engine.Engine COMMIT
INFO:     127.0.0.1:53553 - "GET /api/auth/me HTTP/1.1" 401 Unauthorized
INFO:     127.0.0.1:53557 - "GET /api/auth/me HTTP/1.1" 401 Unauthorized
2026-08-15 19:57:02,739 INFO sqlalchemy.engine.Engine BEGIN (implicit)
2026-08-15 19:57:02,803 INFO sqlalchemy.engine.Engine SELECT users.id, users.personal_number, users.first_name, users.last_name, users.display_name, users.hashed_password, users.is_active, users.is_admin, users.role_id, users.created_at, users.updated_at 
FROM users 
WHERE users.personal_number = ?
2026-08-15 19:57:02,813 INFO sqlalchemy.engine.Engine [generated in 0.01055s] ('1001',)
2026-08-15 19:57:02,816 INFO sqlalchemy.engine.Engine ROLLBACK
INFO:     127.0.0.1:53596 - "POST /api/auth/login HTTP/1.1" 200 OK
INFO:     127.0.0.1:64602 - "GET / HTTP/1.1" 200 OK
INFO:     127.0.0.1:64606 - "GET /docs HTTP/1.1" 200 OK
INFO:     127.0.0.1:64606 - "GET /openapi.json HTTP/1.1" 200 OK
INFO:     127.0.0.1:64624 - "GET /docs HTTP/1.1" 200 OK
2026-08-15 20:00:51,401 INFO sqlalchemy.engine.Engine BEGIN (implicit)
2026-08-15 20:00:51,402 INFO sqlalchemy.engine.Engine SELECT users.id, users.personal_number, users.first_name, users.last_name, users.display_name, users.hashed_password, users.is_active, users.is_admin, users.role_id, users.created_at, users.updated_at 
FROM users 
WHERE users.personal_number = ?
2026-08-15 20:00:51,402 INFO sqlalchemy.engine.Engine [cached since 228.6s ago] ('1001',)
2026-08-15 20:00:51,403 INFO sqlalchemy.engine.Engine BEGIN (implicit)
2026-08-15 20:00:51,403 INFO sqlalchemy.engine.Engine SELECT users.id, users.personal_number, users.first_name, users.last_name, users.display_name, users.hashed_password, users.is_active, users.is_admin, users.role_id, users.created_at, users.updated_at 
FROM users 
WHERE users.personal_number = ?
2026-08-15 20:00:51,404 INFO sqlalchemy.engine.Engine [cached since 228.6s ago] ('1001',)
2026-08-15 20:00:51,404 INFO sqlalchemy.engine.Engine BEGIN (implicit)
2026-08-15 20:00:51,405 INFO sqlalchemy.engine.Engine SELECT users.id, users.personal_number, users.first_name, users.last_name, users.display_name, users.hashed_password, users.is_active, users.is_admin, users.role_id, users.created_at, users.updated_at 
FROM users 
WHERE users.personal_number = ?
2026-08-15 20:00:51,405 INFO sqlalchemy.engine.Engine [cached since 228.6s ago] ('999999',)
2026-08-15 20:00:51,407 INFO sqlalchemy.engine.Engine ROLLBACK
2026-08-15 20:00:51,407 INFO sqlalchemy.engine.Engine ROLLBACK
2026-08-15 20:00:51,408 INFO sqlalchemy.engine.Engine ROLLBACK
INFO:     127.0.0.1:60654 - "POST /api/auth/login HTTP/1.1" 200 OK
INFO:     127.0.0.1:60653 - "POST /api/auth/login HTTP/1.1" 200 OK
INFO:     127.0.0.1:60655 - "POST /api/auth/login HTTP/1.1" 401 Unauthorized
2026-08-15 20:00:51,482 INFO sqlalchemy.engine.Engine BEGIN (implicit)
2026-08-15 20:00:51,483 INFO sqlalchemy.engine.Engine SELECT users.id, users.personal_number, users.first_name, users.last_name, users.display_name, users.hashed_password, users.is_active, users.is_admin, users.role_id, users.created_at, users.updated_at 
FROM users 
WHERE users.personal_number = ?
2026-08-15 20:00:51,483 INFO sqlalchemy.engine.Engine [cached since 228.7s ago] ('admin1',)
2026-08-15 20:00:51,720 INFO sqlalchemy.engine.Engine ROLLBACK
INFO:     127.0.0.1:60656 - "POST /api/auth/admin/login HTTP/1.1" 200 OK
2026-08-15 20:22:29,319 INFO sqlalchemy.engine.Engine BEGIN (implicit)
2026-08-15 20:22:29,320 INFO sqlalchemy.engine.Engine SELECT users.id, users.personal_number, users.first_name, users.last_name, users.display_name, users.hashed_password, users.is_active, users.is_admin, users.role_id, users.created_at, users.updated_at 
FROM users 
WHERE users.personal_number = ?
2026-08-15 20:22:29,320 INFO sqlalchemy.engine.Engine [cached since 1527s ago] ('1001',)
2026-08-15 20:22:29,326 INFO sqlalchemy.engine.Engine SELECT tools.id, tools.tool_id, tools.category, tools.status, tools.is_storage, tools.allow_duplicate_id, tools.measure_a, tools.measure_b, tools.description, tools.plant_id, tools.tool_type_id, tools.storage_location_id, tools.machine_id, tools.customer_id, tools.created_at, tools.updated_at, plants_1.id AS id_1, plants_1.name, plants_1.created_at AS created_at_1, plants_1.updated_at AS updated_at_1, tool_types_1.id AS id_2, tool_types_1.name AS name_1, tool_types_1.created_at AS created_at_2, tool_types_1.updated_at AS updated_at_2 
FROM tools LEFT OUTER JOIN plants AS plants_1 ON plants_1.id = tools.plant_id LEFT OUTER JOIN tool_types AS tool_types_1 ON tool_types_1.id = tools.tool_type_id
 LIMIT ? OFFSET ?
2026-08-15 20:22:29,751 INFO sqlalchemy.engine.Engine [generated in 0.42488s] (500, 0)
2026-08-15 20:22:29,753 INFO sqlalchemy.engine.Engine ROLLBACK
INFO:     127.0.0.1:56951 - "GET /api/tools/?limit=500 HTTP/1.1" 200 OK
2026-08-15 20:22:29,759 INFO sqlalchemy.engine.Engine BEGIN (implicit)
2026-08-15 20:22:29,759 INFO sqlalchemy.engine.Engine SELECT users.id, users.personal_number, users.first_name, users.last_name, users.display_name, users.hashed_password, users.is_active, users.is_admin, users.role_id, users.created_at, users.updated_at 
FROM users 
WHERE users.personal_number = ?
2026-08-15 20:22:29,760 INFO sqlalchemy.engine.Engine [cached since 1527s ago] ('1001',)
2026-08-15 20:22:29,762 INFO sqlalchemy.engine.Engine SELECT tools.id, tools.tool_id, tools.category, tools.status, tools.is_storage, tools.allow_duplicate_id, tools.measure_a, tools.measure_b, tools.description, tools.plant_id, tools.tool_type_id, tools.storage_location_id, tools.machine_id, tools.customer_id, tools.created_at, tools.updated_at, plants_1.id AS id_1, plants_1.name, plants_1.created_at AS created_at_1, plants_1.updated_at AS updated_at_1, tool_types_1.id AS id_2, tool_types_1.name AS name_1, tool_types_1.created_at AS created_at_2, tool_types_1.updated_at AS updated_at_2 
FROM tools LEFT OUTER JOIN plants AS plants_1 ON plants_1.id = tools.plant_id LEFT OUTER JOIN tool_types AS tool_types_1 ON tool_types_1.id = tools.tool_type_id
 LIMIT ? OFFSET ?
2026-08-15 20:22:29,762 INFO sqlalchemy.engine.Engine [cached since 0.436s ago] (500, 0)
2026-08-15 20:22:29,763 INFO sqlalchemy.engine.Engine ROLLBACK
INFO:     127.0.0.1:56953 - "GET /api/tools/?limit=500 HTTP/1.1" 200 OK
2026-08-15 20:22:30,658 INFO sqlalchemy.engine.Engine BEGIN (implicit)
2026-08-15 20:22:30,659 INFO sqlalchemy.engine.Engine SELECT users.id, users.personal_number, users.first_name, users.last_name, users.display_name, users.hashed_password, users.is_active, users.is_admin, users.role_id, users.created_at, users.updated_at 
FROM users 
WHERE users.personal_number = ?
2026-08-15 20:22:30,659 INFO sqlalchemy.engine.Engine [cached since 1528s ago] ('1001',)
2026-08-15 20:22:30,661 INFO sqlalchemy.engine.Engine SELECT serial_articles.id, serial_articles.article_number, serial_articles.description, serial_articles.pdf_path, serial_articles.extra_metadata, serial_articles.created_at, serial_articles.updated_at 
FROM serial_articles
 LIMIT ? OFFSET ?
2026-08-15 20:22:30,661 INFO sqlalchemy.engine.Engine [generated in 0.00036s] (100, 0)
2026-08-15 20:22:30,662 INFO sqlalchemy.engine.Engine ROLLBACK
INFO:     127.0.0.1:56957 - "GET /api/serial-articles/ HTTP/1.1" 200 OK
2026-08-15 20:22:30,924 INFO sqlalchemy.engine.Engine BEGIN (implicit)
2026-08-15 20:22:30,924 INFO sqlalchemy.engine.Engine SELECT users.id, users.personal_number, users.first_name, users.last_name, users.display_name, users.hashed_password, users.is_active, users.is_admin, users.role_id, users.created_at, users.updated_at 
FROM users 
WHERE users.personal_number = ?
2026-08-15 20:22:30,925 INFO sqlalchemy.engine.Engine [cached since 1528s ago] ('1001',)
2026-08-15 20:22:30,928 INFO sqlalchemy.engine.Engine SELECT storage_items.id, storage_items.storage_id, storage_items.name, storage_items.type, storage_items.article_number, storage_items.machine_id, storage_items.location_id, storage_items.description, storage_items.allow_duplicate_id, storage_items.created_at, storage_items.updated_at 
FROM storage_items ORDER BY storage_items.storage_id
 LIMIT ? OFFSET ?
2026-08-15 20:22:30,928 INFO sqlalchemy.engine.Engine [generated in 0.00046s] (500, 0)
2026-08-15 20:22:30,929 INFO sqlalchemy.engine.Engine ROLLBACK
INFO:     127.0.0.1:56960 - "GET /api/storage/?limit=500 HTTP/1.1" 500 Internal Server Error
2026-08-15 20:22:33,081 INFO sqlalchemy.engine.Engine BEGIN (implicit)
2026-08-15 20:22:33,082 INFO sqlalchemy.engine.Engine SELECT users.id, users.personal_number, users.first_name, users.last_name, users.display_name, users.hashed_password, users.is_active, users.is_admin, users.role_id, users.created_at, users.updated_at 
FROM users 
WHERE users.personal_number = ?
2026-08-15 20:22:33,083 INFO sqlalchemy.engine.Engine [cached since 1530s ago] ('1001',)
2026-08-15 20:22:33,084 INFO sqlalchemy.engine.Engine SELECT tools.id, tools.tool_id, tools.category, tools.status, tools.is_storage, tools.allow_duplicate_id, tools.measure_a, tools.measure_b, tools.description, tools.plant_id, tools.tool_type_id, tools.storage_location_id, tools.machine_id, tools.customer_id, tools.created_at, tools.updated_at, plants_1.id AS id_1, plants_1.name, plants_1.created_at AS created_at_1, plants_1.updated_at AS updated_at_1, tool_types_1.id AS id_2, tool_types_1.name AS name_1, tool_types_1.created_at AS created_at_2, tool_types_1.updated_at AS updated_at_2 
FROM tools LEFT OUTER JOIN plants AS plants_1 ON plants_1.id = tools.plant_id LEFT OUTER JOIN tool_types AS tool_types_1 ON tool_types_1.id = tools.tool_type_id
 LIMIT ? OFFSET ?
2026-08-15 20:22:33,085 INFO sqlalchemy.engine.Engine [cached since 3.759s ago] (500, 0)
2026-08-15 20:22:33,086 INFO sqlalchemy.engine.Engine ROLLBACK
INFO:     127.0.0.1:56962 - "GET /api/tools/?limit=500 HTTP/1.1" 200 OK
2026-08-15 20:22:33,402 INFO sqlalchemy.engine.Engine BEGIN (implicit)
2026-08-15 20:22:33,402 INFO sqlalchemy.engine.Engine SELECT users.id, users.personal_number, users.first_name, users.last_name, users.display_name, users.hashed_password, users.is_active, users.is_admin, users.role_id, users.created_at, users.updated_at 
FROM users 
WHERE users.personal_number = ?
2026-08-15 20:22:33,402 INFO sqlalchemy.engine.Engine [cached since 1531s ago] ('1001',)
2026-08-15 20:22:33,404 INFO sqlalchemy.engine.Engine SELECT tools.id, tools.tool_id, tools.category, tools.status, tools.is_storage, tools.allow_duplicate_id, tools.measure_a, tools.measure_b, tools.description, tools.plant_id, tools.tool_type_id, tools.storage_location_id, tools.machine_id, tools.customer_id, tools.created_at, tools.updated_at, plants_1.id AS id_1, plants_1.name, plants_1.created_at AS created_at_1, plants_1.updated_at AS updated_at_1, tool_types_1.id AS id_2, tool_types_1.name AS name_1, tool_types_1.created_at AS created_at_2, tool_types_1.updated_at AS updated_at_2 
FROM tools LEFT OUTER JOIN plants AS plants_1 ON plants_1.id = tools.plant_id LEFT OUTER JOIN tool_types AS tool_types_1 ON tool_types_1.id = tools.tool_type_id
 LIMIT ? OFFSET ?
2026-08-15 20:22:33,404 INFO sqlalchemy.engine.Engine [cached since 4.078s ago] (500, 0)
2026-08-15 20:22:33,409 INFO sqlalchemy.engine.Engine ROLLBACK
INFO:     127.0.0.1:56965 - "GET /api/tools/?limit=500 HTTP/1.1" 200 OK
2026-08-15 20:22:49,947 INFO sqlalchemy.engine.Engine BEGIN (implicit)
2026-08-15 20:22:49,947 INFO sqlalchemy.engine.Engine SELECT users.id, users.personal_number, users.first_name, users.last_name, users.display_name, users.hashed_password, users.is_active, users.is_admin, users.role_id, users.created_at, users.updated_at 
FROM users 
WHERE users.personal_number = ?
2026-08-15 20:22:49,948 INFO sqlalchemy.engine.Engine [cached since 1547s ago] ('1001',)
2026-08-15 20:22:49,950 INFO sqlalchemy.engine.Engine SELECT tools.id, tools.tool_id, tools.category, tools.status, tools.is_storage, tools.allow_duplicate_id, tools.measure_a, tools.measure_b, tools.description, tools.plant_id, tools.tool_type_id, tools.storage_location_id, tools.machine_id, tools.customer_id, tools.created_at, tools.updated_at, plants_1.id AS id_1, plants_1.name, plants_1.created_at AS created_at_1, plants_1.updated_at AS updated_at_1, tool_types_1.id AS id_2, tool_types_1.name AS name_1, tool_types_1.created_at AS created_at_2, tool_types_1.updated_at AS updated_at_2 
FROM tools LEFT OUTER JOIN plants AS plants_1 ON plants_1.id = tools.plant_id LEFT OUTER JOIN tool_types AS tool_types_1 ON tool_types_1.id = tools.tool_type_id
 LIMIT ? OFFSET ?
2026-08-15 20:22:49,950 INFO sqlalchemy.engine.Engine [cached since 20.62s ago] (500, 0)
2026-08-15 20:22:49,952 INFO sqlalchemy.engine.Engine ROLLBACK
INFO:     127.0.0.1:56987 - "GET /api/tools/?limit=500 HTTP/1.1" 200 OK
2026-08-15 20:22:56,352 INFO sqlalchemy.engine.Engine BEGIN (implicit)
2026-08-15 20:22:56,353 INFO sqlalchemy.engine.Engine SELECT users.id, users.personal_number, users.first_name, users.last_name, users.display_name, users.hashed_password, users.is_active, users.is_admin, users.role_id, users.created_at, users.updated_at 
FROM users 
WHERE users.personal_number = ?
2026-08-15 20:22:56,353 INFO sqlalchemy.engine.Engine [cached since 1554s ago] ('1001',)
2026-08-15 20:22:56,355 INFO sqlalchemy.engine.Engine SELECT tools.id, tools.tool_id, tools.category, tools.status, tools.is_storage, tools.allow_duplicate_id, tools.measure_a, tools.measure_b, tools.description, tools.plant_id, tools.tool_type_id, tools.storage_location_id, tools.machine_id, tools.customer_id, tools.created_at, tools.updated_at, plants_1.id AS id_1, plants_1.name, plants_1.created_at AS created_at_1, plants_1.updated_at AS updated_at_1, tool_types_1.id AS id_2, tool_types_1.name AS name_1, tool_types_1.created_at AS created_at_2, tool_types_1.updated_at AS updated_at_2 
FROM tools LEFT OUTER JOIN plants AS plants_1 ON plants_1.id = tools.plant_id LEFT OUTER JOIN tool_types AS tool_types_1 ON tool_types_1.id = tools.tool_type_id
 LIMIT ? OFFSET ?
2026-08-15 20:22:56,355 INFO sqlalchemy.engine.Engine [cached since 27.03s ago] (500, 0)
2026-08-15 20:22:56,356 INFO sqlalchemy.engine.Engine ROLLBACK
INFO:     127.0.0.1:56995 - "GET /api/tools/?limit=500 HTTP/1.1" 200 OK
INFO:     127.0.0.1:49964 - "GET /api/auth/me HTTP/1.1" 401 Unauthorized
INFO:     127.0.0.1:49968 - "GET /api/auth/me HTTP/1.1" 401 Unauthorized
2026-08-15 21:20:35,302 INFO sqlalchemy.engine.Engine BEGIN (implicit)
2026-08-15 21:20:35,303 INFO sqlalchemy.engine.Engine SELECT users.id, users.personal_number, users.first_name, users.last_name, users.display_name, users.hashed_password, users.is_active, users.is_admin, users.role_id, users.created_at, users.updated_at 
FROM users 
WHERE users.personal_number = ?
2026-08-15 21:20:35,304 INFO sqlalchemy.engine.Engine [cached since 5013s ago] ('1001',)
2026-08-15 21:20:35,306 INFO sqlalchemy.engine.Engine ROLLBACK
INFO:     127.0.0.1:49984 - "POST /api/auth/login HTTP/1.1" 200 OK
2026-08-15 21:28:58,881 INFO sqlalchemy.engine.Engine BEGIN (implicit)
2026-08-15 21:28:58,882 INFO sqlalchemy.engine.Engine SELECT users.id, users.personal_number, users.first_name, users.last_name, users.display_name, users.hashed_password, users.is_active, users.is_admin, users.role_id, users.created_at, users.updated_at 
FROM users 
WHERE users.personal_number = ?
2026-08-15 21:28:58,882 INFO sqlalchemy.engine.Engine [cached since 5516s ago] ('1001',)
2026-08-15 21:28:58,885 INFO sqlalchemy.engine.Engine ROLLBACK
INFO:     127.0.0.1:60340 - "GET /api/auth/me HTTP/1.1" 200 OK
2026-08-15 21:28:58,891 INFO sqlalchemy.engine.Engine BEGIN (implicit)
2026-08-15 21:28:59,177 INFO sqlalchemy.engine.Engine SELECT users.id, users.personal_number, users.first_name, users.last_name, users.display_name, users.hashed_password, users.is_active, users.is_admin, users.role_id, users.created_at, users.updated_at 
FROM users 
WHERE users.personal_number = ?
2026-08-15 21:28:59,177 INFO sqlalchemy.engine.Engine [cached since 5516s ago] ('1001',)
2026-08-15 21:28:59,179 INFO sqlalchemy.engine.Engine ROLLBACK
INFO:     127.0.0.1:60341 - "GET /api/auth/me HTTP/1.1" 200 OK
2026-08-15 21:29:01,304 INFO sqlalchemy.engine.Engine BEGIN (implicit)
2026-08-15 21:29:01,305 INFO sqlalchemy.engine.Engine SELECT users.id, users.personal_number, users.first_name, users.last_name, users.display_name, users.hashed_password, users.is_active, users.is_admin, users.role_id, users.created_at, users.updated_at 
FROM users 
WHERE users.personal_number = ?
2026-08-15 21:29:01,305 INFO sqlalchemy.engine.Engine [cached since 5519s ago] ('1001',)
2026-08-15 21:29:01,307 INFO sqlalchemy.engine.Engine ROLLBACK
INFO:     127.0.0.1:60349 - "GET /api/auth/me HTTP/1.1" 200 OK
2026-08-15 21:29:01,312 INFO sqlalchemy.engine.Engine BEGIN (implicit)
2026-08-15 21:29:01,317 INFO sqlalchemy.engine.Engine SELECT users.id, users.personal_number, users.first_name, users.last_name, users.display_name, users.hashed_password, users.is_active, users.is_admin, users.role_id, users.created_at, users.updated_at 
FROM users 
WHERE users.personal_number = ?
2026-08-15 21:29:01,318 INFO sqlalchemy.engine.Engine [cached since 5519s ago] ('1001',)
2026-08-15 21:29:01,319 INFO sqlalchemy.engine.Engine ROLLBACK
INFO:     127.0.0.1:60350 - "GET /api/auth/me HTTP/1.1" 200 OK
2026-08-15 21:29:02,081 INFO sqlalchemy.engine.Engine BEGIN (implicit)
2026-08-15 21:29:02,082 INFO sqlalchemy.engine.Engine SELECT users.id, users.personal_number, users.first_name, users.last_name, users.display_name, users.hashed_password, users.is_active, users.is_admin, users.role_id, users.created_at, users.updated_at 
FROM users 
WHERE users.personal_number = ?
2026-08-15 21:29:02,082 INFO sqlalchemy.engine.Engine [cached since 5519s ago] ('1001',)
2026-08-15 21:29:02,084 INFO sqlalchemy.engine.Engine ROLLBACK
INFO:     127.0.0.1:60357 - "GET /api/auth/me HTTP/1.1" 200 OK
2026-08-15 21:29:02,089 INFO sqlalchemy.engine.Engine BEGIN (implicit)
2026-08-15 21:29:02,095 INFO sqlalchemy.engine.Engine SELECT users.id, users.personal_number, users.first_name, users.last_name, users.display_name, users.hashed_password, users.is_active, users.is_admin, users.role_id, users.created_at, users.updated_at 
FROM users 
WHERE users.personal_number = ?
2026-08-15 21:29:02,095 INFO sqlalchemy.engine.Engine [cached since 5519s ago] ('1001',)
2026-08-15 21:29:02,097 INFO sqlalchemy.engine.Engine ROLLBACK
INFO:     127.0.0.1:60358 - "GET /api/auth/me HTTP/1.1" 200 OK
2026-08-15 21:29:04,709 INFO sqlalchemy.engine.Engine BEGIN (implicit)
2026-08-15 21:29:04,710 INFO sqlalchemy.engine.Engine SELECT users.id, users.personal_number, users.first_name, users.last_name, users.display_name, users.hashed_password, users.is_active, users.is_admin, users.role_id, users.created_at, users.updated_at 
FROM users 
WHERE users.personal_number = ?
2026-08-15 21:29:04,710 INFO sqlalchemy.engine.Engine [cached since 5522s ago] ('1001',)
2026-08-15 21:29:04,714 INFO sqlalchemy.engine.Engine SELECT tools.id, tools.tool_id, tools.category, tools.status, tools.is_storage, tools.allow_duplicate_id, tools.measure_a, tools.measure_b, tools.description, tools.plant_id, tools.tool_type_id, tools.storage_location_id, tools.machine_id, tools.customer_id, tools.created_at, tools.updated_at, plants_1.id AS id_1, plants_1.name, plants_1.created_at AS created_at_1, plants_1.updated_at AS updated_at_1, tool_types_1.id AS id_2, tool_types_1.name AS name_1, tool_types_1.created_at AS created_at_2, tool_types_1.updated_at AS updated_at_2 
FROM tools LEFT OUTER JOIN plants AS plants_1 ON plants_1.id = tools.plant_id LEFT OUTER JOIN tool_types AS tool_types_1 ON tool_types_1.id = tools.tool_type_id
 LIMIT ? OFFSET ?
2026-08-15 21:29:04,721 INFO sqlalchemy.engine.Engine [cached since 3995s ago] (500, 0)
2026-08-15 21:29:04,725 INFO sqlalchemy.engine.Engine ROLLBACK
INFO:     127.0.0.1:60362 - "GET /api/tools/?limit=500 HTTP/1.1" 200 OK
2026-08-15 21:29:04,730 INFO sqlalchemy.engine.Engine BEGIN (implicit)
2026-08-15 21:29:04,731 INFO sqlalchemy.engine.Engine SELECT users.id, users.personal_number, users.first_name, users.last_name, users.display_name, users.hashed_password, users.is_active, users.is_admin, users.role_id, users.created_at, users.updated_at 
FROM users 
WHERE users.personal_number = ?
2026-08-15 21:29:04,731 INFO sqlalchemy.engine.Engine [cached since 5522s ago] ('1001',)
2026-08-15 21:29:04,733 INFO sqlalchemy.engine.Engine SELECT tools.id, tools.tool_id, tools.category, tools.status, tools.is_storage, tools.allow_duplicate_id, tools.measure_a, tools.measure_b, tools.description, tools.plant_id, tools.tool_type_id, tools.storage_location_id, tools.machine_id, tools.customer_id, tools.created_at, tools.updated_at, plants_1.id AS id_1, plants_1.name, plants_1.created_at AS created_at_1, plants_1.updated_at AS updated_at_1, tool_types_1.id AS id_2, tool_types_1.name AS name_1, tool_types_1.created_at AS created_at_2, tool_types_1.updated_at AS updated_at_2 
FROM tools LEFT OUTER JOIN plants AS plants_1 ON plants_1.id = tools.plant_id LEFT OUTER JOIN tool_types AS tool_types_1 ON tool_types_1.id = tools.tool_type_id
 LIMIT ? OFFSET ?
2026-08-15 21:29:04,733 INFO sqlalchemy.engine.Engine [cached since 3995s ago] (500, 0)
2026-08-15 21:29:04,734 INFO sqlalchemy.engine.Engine ROLLBACK
INFO:     127.0.0.1:60363 - "GET /api/tools/?limit=500 HTTP/1.1" 200 OK
2026-08-15 21:29:08,547 INFO sqlalchemy.engine.Engine BEGIN (implicit)
2026-08-15 21:29:08,547 INFO sqlalchemy.engine.Engine SELECT users.id, users.personal_number, users.first_name, users.last_name, users.display_name, users.hashed_password, users.is_active, users.is_admin, users.role_id, users.created_at, users.updated_at 
FROM users 
WHERE users.personal_number = ?
2026-08-15 21:29:08,547 INFO sqlalchemy.engine.Engine [cached since 5526s ago] ('1001',)
2026-08-15 21:29:08,550 INFO sqlalchemy.engine.Engine SELECT serial_articles.id, serial_articles.article_number, serial_articles.description, serial_articles.pdf_path, serial_articles.extra_metadata, serial_articles.created_at, serial_articles.updated_at 
FROM serial_articles
 LIMIT ? OFFSET ?
2026-08-15 21:29:08,550 INFO sqlalchemy.engine.Engine [cached since 3998s ago] (100, 0)
2026-08-15 21:29:08,551 INFO sqlalchemy.engine.Engine ROLLBACK
INFO:     127.0.0.1:60364 - "GET /api/serial-articles/ HTTP/1.1" 200 OK
2026-08-15 21:29:10,262 INFO sqlalchemy.engine.Engine BEGIN (implicit)
2026-08-15 21:29:10,263 INFO sqlalchemy.engine.Engine SELECT users.id, users.personal_number, users.first_name, users.last_name, users.display_name, users.hashed_password, users.is_active, users.is_admin, users.role_id, users.created_at, users.updated_at 
FROM users 
WHERE users.personal_number = ?
2026-08-15 21:29:10,263 INFO sqlalchemy.engine.Engine [cached since 5527s ago] ('1001',)
2026-08-15 21:29:10,265 INFO sqlalchemy.engine.Engine SELECT storage_items.id, storage_items.storage_id, storage_items.name, storage_items.type, storage_items.article_number, storage_items.machine_id, storage_items.location_id, storage_items.description, storage_items.allow_duplicate_id, storage_items.created_at, storage_items.updated_at 
FROM storage_items ORDER BY storage_items.storage_id
 LIMIT ? OFFSET ?
2026-08-15 21:29:10,266 INFO sqlalchemy.engine.Engine [cached since 3999s ago] (500, 0)
2026-08-15 21:29:10,268 INFO sqlalchemy.engine.Engine ROLLBACK
INFO:     127.0.0.1:60365 - "GET /api/storage/?limit=500 HTTP/1.1" 500 Internal Server Error
2026-08-15 21:29:14,611 INFO sqlalchemy.engine.Engine BEGIN (implicit)
2026-08-15 21:29:14,611 INFO sqlalchemy.engine.Engine SELECT users.id, users.personal_number, users.first_name, users.last_name, users.display_name, users.hashed_password, users.is_active, users.is_admin, users.role_id, users.created_at, users.updated_at 
FROM users 
WHERE users.personal_number = ?
2026-08-15 21:29:14,612 INFO sqlalchemy.engine.Engine [cached since 5532s ago] ('1001',)
2026-08-15 21:29:14,614 INFO sqlalchemy.engine.Engine SELECT tools.id, tools.tool_id, tools.category, tools.status, tools.is_storage, tools.allow_duplicate_id, tools.measure_a, tools.measure_b, tools.description, tools.plant_id, tools.tool_type_id, tools.storage_location_id, tools.machine_id, tools.customer_id, tools.created_at, tools.updated_at, plants_1.id AS id_1, plants_1.name, plants_1.created_at AS created_at_1, plants_1.updated_at AS updated_at_1, tool_types_1.id AS id_2, tool_types_1.name AS name_1, tool_types_1.created_at AS created_at_2, tool_types_1.updated_at AS updated_at_2 
FROM tools LEFT OUTER JOIN plants AS plants_1 ON plants_1.id = tools.plant_id LEFT OUTER JOIN tool_types AS tool_types_1 ON tool_types_1.id = tools.tool_type_id
 LIMIT ? OFFSET ?
2026-08-15 21:29:14,614 INFO sqlalchemy.engine.Engine [cached since 4005s ago] (500, 0)
2026-08-15 21:29:14,616 INFO sqlalchemy.engine.Engine ROLLBACK
INFO:     127.0.0.1:60369 - "GET /api/tools/?limit=500 HTTP/1.1" 200 OK
2026-08-15 21:29:14,878 INFO sqlalchemy.engine.Engine BEGIN (implicit)
2026-08-15 21:29:14,878 INFO sqlalchemy.engine.Engine SELECT users.id, users.personal_number, users.first_name, users.last_name, users.display_name, users.hashed_password, users.is_active, users.is_admin, users.role_id, users.created_at, users.updated_at 
FROM users 
WHERE users.personal_number = ?
2026-08-15 21:29:14,879 INFO sqlalchemy.engine.Engine [cached since 5532s ago] ('1001',)
2026-08-15 21:29:14,880 INFO sqlalchemy.engine.Engine SELECT tools.id, tools.tool_id, tools.category, tools.status, tools.is_storage, tools.allow_duplicate_id, tools.measure_a, tools.measure_b, tools.description, tools.plant_id, tools.tool_type_id, tools.storage_location_id, tools.machine_id, tools.customer_id, tools.created_at, tools.updated_at, plants_1.id AS id_1, plants_1.name, plants_1.created_at AS created_at_1, plants_1.updated_at AS updated_at_1, tool_types_1.id AS id_2, tool_types_1.name AS name_1, tool_types_1.created_at AS created_at_2, tool_types_1.updated_at AS updated_at_2 
FROM tools LEFT OUTER JOIN plants AS plants_1 ON plants_1.id = tools.plant_id LEFT OUTER JOIN tool_types AS tool_types_1 ON tool_types_1.id = tools.tool_type_id
 LIMIT ? OFFSET ?
2026-08-15 21:29:14,881 INFO sqlalchemy.engine.Engine [cached since 4006s ago] (500, 0)
2026-08-15 21:29:14,882 INFO sqlalchemy.engine.Engine ROLLBACK
INFO:     127.0.0.1:60372 - "GET /api/tools/?limit=500 HTTP/1.1" 200 OK
2026-08-15 21:29:15,206 INFO sqlalchemy.engine.Engine BEGIN (implicit)
2026-08-15 21:29:15,206 INFO sqlalchemy.engine.Engine SELECT users.id, users.personal_number, users.first_name, users.last_name, users.display_name, users.hashed_password, users.is_active, users.is_admin, users.role_id, users.created_at, users.updated_at 
FROM users 
WHERE users.personal_number = ?
2026-08-15 21:29:15,207 INFO sqlalchemy.engine.Engine [cached since 5532s ago] ('1001',)
2026-08-15 21:29:15,209 INFO sqlalchemy.engine.Engine SELECT serial_articles.id, serial_articles.article_number, serial_articles.description, serial_articles.pdf_path, serial_articles.extra_metadata, serial_articles.created_at, serial_articles.updated_at 
FROM serial_articles
 LIMIT ? OFFSET ?
2026-08-15 21:29:15,209 INFO sqlalchemy.engine.Engine [cached since 4005s ago] (100, 0)
2026-08-15 21:29:15,211 INFO sqlalchemy.engine.Engine ROLLBACK
INFO:     127.0.0.1:60374 - "GET /api/serial-articles/ HTTP/1.1" 200 OK
2026-08-15 21:29:16,091 INFO sqlalchemy.engine.Engine BEGIN (implicit)
2026-08-15 21:29:16,091 INFO sqlalchemy.engine.Engine SELECT users.id, users.personal_number, users.first_name, users.last_name, users.display_name, users.hashed_password, users.is_active, users.is_admin, users.role_id, users.created_at, users.updated_at 
FROM users 
WHERE users.personal_number = ?
2026-08-15 21:29:16,092 INFO sqlalchemy.engine.Engine [cached since 5533s ago] ('1001',)
2026-08-15 21:29:16,094 INFO sqlalchemy.engine.Engine SELECT storage_items.id, storage_items.storage_id, storage_items.name, storage_items.type, storage_items.article_number, storage_items.machine_id, storage_items.location_id, storage_items.description, storage_items.allow_duplicate_id, storage_items.created_at, storage_items.updated_at 
FROM storage_items ORDER BY storage_items.storage_id
 LIMIT ? OFFSET ?
2026-08-15 21:29:16,094 INFO sqlalchemy.engine.Engine [cached since 4005s ago] (500, 0)
2026-08-15 21:29:16,095 INFO sqlalchemy.engine.Engine ROLLBACK
INFO:     127.0.0.1:60378 - "GET /api/storage/?limit=500 HTTP/1.1" 500 Internal Server Error
2026-08-15 21:29:16,357 INFO sqlalchemy.engine.Engine BEGIN (implicit)
2026-08-15 21:29:16,358 INFO sqlalchemy.engine.Engine SELECT users.id, users.personal_number, users.first_name, users.last_name, users.display_name, users.hashed_password, users.is_active, users.is_admin, users.role_id, users.created_at, users.updated_at 
FROM users 
WHERE users.personal_number = ?
2026-08-15 21:29:16,358 INFO sqlalchemy.engine.Engine [cached since 5534s ago] ('1001',)
2026-08-15 21:29:16,360 INFO sqlalchemy.engine.Engine SELECT tools.id, tools.tool_id, tools.category, tools.status, tools.is_storage, tools.allow_duplicate_id, tools.measure_a, tools.measure_b, tools.description, tools.plant_id, tools.tool_type_id, tools.storage_location_id, tools.machine_id, tools.customer_id, tools.created_at, tools.updated_at, plants_1.id AS id_1, plants_1.name, plants_1.created_at AS created_at_1, plants_1.updated_at AS updated_at_1, tool_types_1.id AS id_2, tool_types_1.name AS name_1, tool_types_1.created_at AS created_at_2, tool_types_1.updated_at AS updated_at_2 
FROM tools LEFT OUTER JOIN plants AS plants_1 ON plants_1.id = tools.plant_id LEFT OUTER JOIN tool_types AS tool_types_1 ON tool_types_1.id = tools.tool_type_id
 LIMIT ? OFFSET ?
2026-08-15 21:29:16,360 INFO sqlalchemy.engine.Engine [cached since 4007s ago] (500, 0)
2026-08-15 21:29:16,362 INFO sqlalchemy.engine.Engine ROLLBACK
INFO:     127.0.0.1:60381 - "GET /api/tools/?limit=500 HTTP/1.1" 200 OK
2026-08-15 21:29:16,542 INFO sqlalchemy.engine.Engine BEGIN (implicit)
2026-08-15 21:29:16,542 INFO sqlalchemy.engine.Engine SELECT users.id, users.personal_number, users.first_name, users.last_name, users.display_name, users.hashed_password, users.is_active, users.is_admin, users.role_id, users.created_at, users.updated_at 
FROM users 
WHERE users.personal_number = ?
2026-08-15 21:29:16,543 INFO sqlalchemy.engine.Engine [cached since 5534s ago] ('1001',)
2026-08-15 21:29:16,545 INFO sqlalchemy.engine.Engine SELECT tools.id, tools.tool_id, tools.category, tools.status, tools.is_storage, tools.allow_duplicate_id, tools.measure_a, tools.measure_b, tools.description, tools.plant_id, tools.tool_type_id, tools.storage_location_id, tools.machine_id, tools.customer_id, tools.created_at, tools.updated_at, plants_1.id AS id_1, plants_1.name, plants_1.created_at AS created_at_1, plants_1.updated_at AS updated_at_1, tool_types_1.id AS id_2, tool_types_1.name AS name_1, tool_types_1.created_at AS created_at_2, tool_types_1.updated_at AS updated_at_2 
FROM tools LEFT OUTER JOIN plants AS plants_1 ON plants_1.id = tools.plant_id LEFT OUTER JOIN tool_types AS tool_types_1 ON tool_types_1.id = tools.tool_type_id
 LIMIT ? OFFSET ?
2026-08-15 21:29:16,545 INFO sqlalchemy.engine.Engine [cached since 4007s ago] (500, 0)
2026-08-15 21:29:16,546 INFO sqlalchemy.engine.Engine ROLLBACK
INFO:     127.0.0.1:60384 - "GET /api/tools/?limit=500 HTTP/1.1" 200 OK
2026-08-15 21:29:36,844 INFO sqlalchemy.engine.Engine BEGIN (implicit)
2026-08-15 21:29:36,845 INFO sqlalchemy.engine.Engine SELECT users.id, users.personal_number, users.first_name, users.last_name, users.display_name, users.hashed_password, users.is_active, users.is_admin, users.role_id, users.created_at, users.updated_at 
FROM users 
WHERE users.personal_number = ?
2026-08-15 21:29:36,845 INFO sqlalchemy.engine.Engine [cached since 5554s ago] ('1001',)
2026-08-15 21:29:36,847 INFO sqlalchemy.engine.Engine ROLLBACK
INFO:     127.0.0.1:60395 - "GET /api/auth/me HTTP/1.1" 200 OK
2026-08-15 21:29:36,913 INFO sqlalchemy.engine.Engine BEGIN (implicit)
2026-08-15 21:29:37,135 INFO sqlalchemy.engine.Engine SELECT users.id, users.personal_number, users.first_name, users.last_name, users.display_name, users.hashed_password, users.is_active, users.is_admin, users.role_id, users.created_at, users.updated_at 
FROM users 
WHERE users.personal_number = ?
2026-08-15 21:29:37,135 INFO sqlalchemy.engine.Engine [cached since 5554s ago] ('1001',)
2026-08-15 21:29:37,137 INFO sqlalchemy.engine.Engine ROLLBACK
INFO:     127.0.0.1:60398 - "GET /api/auth/me HTTP/1.1" 200 OK
2026-08-15 21:29:41,162 INFO sqlalchemy.engine.Engine BEGIN (implicit)
2026-08-15 21:29:41,163 INFO sqlalchemy.engine.Engine SELECT users.id, users.personal_number, users.first_name, users.last_name, users.display_name, users.hashed_password, users.is_active, users.is_admin, users.role_id, users.created_at, users.updated_at 
FROM users 
WHERE users.personal_number = ?
2026-08-15 21:29:41,163 INFO sqlalchemy.engine.Engine [cached since 5558s ago] ('1001',)
2026-08-15 21:29:41,165 INFO sqlalchemy.engine.Engine SELECT tools.id, tools.tool_id, tools.category, tools.status, tools.is_storage, tools.allow_duplicate_id, tools.measure_a, tools.measure_b, tools.description, tools.plant_id, tools.tool_type_id, tools.storage_location_id, tools.machine_id, tools.customer_id, tools.created_at, tools.updated_at, plants_1.id AS id_1, plants_1.name, plants_1.created_at AS created_at_1, plants_1.updated_at AS updated_at_1, tool_types_1.id AS id_2, tool_types_1.name AS name_1, tool_types_1.created_at AS created_at_2, tool_types_1.updated_at AS updated_at_2 
FROM tools LEFT OUTER JOIN plants AS plants_1 ON plants_1.id = tools.plant_id LEFT OUTER JOIN tool_types AS tool_types_1 ON tool_types_1.id = tools.tool_type_id
 LIMIT ? OFFSET ?
2026-08-15 21:29:41,165 INFO sqlalchemy.engine.Engine [cached since 4032s ago] (500, 0)
2026-08-15 21:29:41,166 INFO sqlalchemy.engine.Engine ROLLBACK
INFO:     127.0.0.1:60405 - "GET /api/tools/?limit=500 HTTP/1.1" 200 OK
2026-08-15 21:29:41,171 INFO sqlalchemy.engine.Engine BEGIN (implicit)
2026-08-15 21:29:41,178 INFO sqlalchemy.engine.Engine SELECT users.id, users.personal_number, users.first_name, users.last_name, users.display_name, users.hashed_password, users.is_active, users.is_admin, users.role_id, users.created_at, users.updated_at 
FROM users 
WHERE users.personal_number = ?
2026-08-15 21:29:41,179 INFO sqlalchemy.engine.Engine [cached since 5558s ago] ('1001',)
2026-08-15 21:29:41,180 INFO sqlalchemy.engine.Engine SELECT tools.id, tools.tool_id, tools.category, tools.status, tools.is_storage, tools.allow_duplicate_id, tools.measure_a, tools.measure_b, tools.description, tools.plant_id, tools.tool_type_id, tools.storage_location_id, tools.machine_id, tools.customer_id, tools.created_at, tools.updated_at, plants_1.id AS id_1, plants_1.name, plants_1.created_at AS created_at_1, plants_1.updated_at AS updated_at_1, tool_types_1.id AS id_2, tool_types_1.name AS name_1, tool_types_1.created_at AS created_at_2, tool_types_1.updated_at AS updated_at_2 
FROM tools LEFT OUTER JOIN plants AS plants_1 ON plants_1.id = tools.plant_id LEFT OUTER JOIN tool_types AS tool_types_1 ON tool_types_1.id = tools.tool_type_id
 LIMIT ? OFFSET ?
2026-08-15 21:29:41,180 INFO sqlalchemy.engine.Engine [cached since 4032s ago] (500, 0)
2026-08-15 21:29:41,182 INFO sqlalchemy.engine.Engine ROLLBACK
INFO:     127.0.0.1:60406 - "GET /api/tools/?limit=500 HTTP/1.1" 200 OK
2026-08-15 21:29:42,109 INFO sqlalchemy.engine.Engine BEGIN (implicit)
2026-08-15 21:29:42,109 INFO sqlalchemy.engine.Engine SELECT users.id, users.personal_number, users.first_name, users.last_name, users.display_name, users.hashed_password, users.is_active, users.is_admin, users.role_id, users.created_at, users.updated_at 
FROM users 
WHERE users.personal_number = ?
2026-08-15 21:29:42,110 INFO sqlalchemy.engine.Engine [cached since 5559s ago] ('1001',)
2026-08-15 21:29:42,111 INFO sqlalchemy.engine.Engine SELECT serial_articles.id, serial_articles.article_number, serial_articles.description, serial_articles.pdf_path, serial_articles.extra_metadata, serial_articles.created_at, serial_articles.updated_at 
FROM serial_articles
 LIMIT ? OFFSET ?
2026-08-15 21:29:42,111 INFO sqlalchemy.engine.Engine [cached since 4031s ago] (100, 0)
2026-08-15 21:29:42,112 INFO sqlalchemy.engine.Engine ROLLBACK
INFO:     127.0.0.1:60407 - "GET /api/serial-articles/ HTTP/1.1" 200 OK
2026-08-15 21:29:42,782 INFO sqlalchemy.engine.Engine BEGIN (implicit)
2026-08-15 21:29:42,783 INFO sqlalchemy.engine.Engine SELECT users.id, users.personal_number, users.first_name, users.last_name, users.display_name, users.hashed_password, users.is_active, users.is_admin, users.role_id, users.created_at, users.updated_at 
FROM users 
WHERE users.personal_number = ?
2026-08-15 21:29:42,783 INFO sqlalchemy.engine.Engine [cached since 5560s ago] ('1001',)
2026-08-15 21:29:42,785 INFO sqlalchemy.engine.Engine SELECT storage_items.id, storage_items.storage_id, storage_items.name, storage_items.type, storage_items.article_number, storage_items.machine_id, storage_items.location_id, storage_items.description, storage_items.allow_duplicate_id, storage_items.created_at, storage_items.updated_at 
FROM storage_items ORDER BY storage_items.storage_id
 LIMIT ? OFFSET ?
2026-08-15 21:29:42,785 INFO sqlalchemy.engine.Engine [cached since 4032s ago] (500, 0)
2026-08-15 21:29:42,786 INFO sqlalchemy.engine.Engine ROLLBACK
INFO:     127.0.0.1:60408 - "GET /api/storage/?limit=500 HTTP/1.1" 500 Internal Server Error
2026-08-15 21:29:43,104 INFO sqlalchemy.engine.Engine BEGIN (implicit)
2026-08-15 21:29:43,105 INFO sqlalchemy.engine.Engine SELECT users.id, users.personal_number, users.first_name, users.last_name, users.display_name, users.hashed_password, users.is_active, users.is_admin, users.role_id, users.created_at, users.updated_at 
FROM users 
WHERE users.personal_number = ?
2026-08-15 21:29:43,105 INFO sqlalchemy.engine.Engine [cached since 5560s ago] ('1001',)
2026-08-15 21:29:43,107 INFO sqlalchemy.engine.Engine SELECT tools.id, tools.tool_id, tools.category, tools.status, tools.is_storage, tools.allow_duplicate_id, tools.measure_a, tools.measure_b, tools.description, tools.plant_id, tools.tool_type_id, tools.storage_location_id, tools.machine_id, tools.customer_id, tools.created_at, tools.updated_at, plants_1.id AS id_1, plants_1.name, plants_1.created_at AS created_at_1, plants_1.updated_at AS updated_at_1, tool_types_1.id AS id_2, tool_types_1.name AS name_1, tool_types_1.created_at AS created_at_2, tool_types_1.updated_at AS updated_at_2 
FROM tools LEFT OUTER JOIN plants AS plants_1 ON plants_1.id = tools.plant_id LEFT OUTER JOIN tool_types AS tool_types_1 ON tool_types_1.id = tools.tool_type_id
 LIMIT ? OFFSET ?
2026-08-15 21:29:43,107 INFO sqlalchemy.engine.Engine [cached since 4034s ago] (500, 0)
2026-08-15 21:29:43,109 INFO sqlalchemy.engine.Engine ROLLBACK
INFO:     127.0.0.1:60409 - "GET /api/tools/?limit=500 HTTP/1.1" 200 OK
2026-08-15 21:29:43,427 INFO sqlalchemy.engine.Engine BEGIN (implicit)
2026-08-15 21:29:43,427 INFO sqlalchemy.engine.Engine SELECT users.id, users.personal_number, users.first_name, users.last_name, users.display_name, users.hashed_password, users.is_active, users.is_admin, users.role_id, users.created_at, users.updated_at 
FROM users 
WHERE users.personal_number = ?
2026-08-15 21:29:43,427 INFO sqlalchemy.engine.Engine [cached since 5561s ago] ('1001',)
2026-08-15 21:29:43,429 INFO sqlalchemy.engine.Engine SELECT tools.id, tools.tool_id, tools.category, tools.status, tools.is_storage, tools.allow_duplicate_id, tools.measure_a, tools.measure_b, tools.description, tools.plant_id, tools.tool_type_id, tools.storage_location_id, tools.machine_id, tools.customer_id, tools.created_at, tools.updated_at, plants_1.id AS id_1, plants_1.name, plants_1.created_at AS created_at_1, plants_1.updated_at AS updated_at_1, tool_types_1.id AS id_2, tool_types_1.name AS name_1, tool_types_1.created_at AS created_at_2, tool_types_1.updated_at AS updated_at_2 
FROM tools LEFT OUTER JOIN plants AS plants_1 ON plants_1.id = tools.plant_id LEFT OUTER JOIN tool_types AS tool_types_1 ON tool_types_1.id = tools.tool_type_id
 LIMIT ? OFFSET ?
2026-08-15 21:29:43,429 INFO sqlalchemy.engine.Engine [cached since 4034s ago] (500, 0)
2026-08-15 21:29:43,431 INFO sqlalchemy.engine.Engine ROLLBACK
INFO:     127.0.0.1:60412 - "GET /api/tools/?limit=500 HTTP/1.1" 200 OK
2026-08-15 21:29:55,033 INFO sqlalchemy.engine.Engine BEGIN (implicit)
2026-08-15 21:29:55,033 INFO sqlalchemy.engine.Engine SELECT users.id, users.personal_number, users.first_name, users.last_name, users.display_name, users.hashed_password, users.is_active, users.is_admin, users.role_id, users.created_at, users.updated_at 
FROM users 
WHERE users.personal_number = ?
2026-08-15 21:29:55,034 INFO sqlalchemy.engine.Engine [cached since 5572s ago] ('1001',)
2026-08-15 21:29:55,036 INFO sqlalchemy.engine.Engine SELECT serial_articles.id, serial_articles.article_number, serial_articles.description, serial_articles.pdf_path, serial_articles.extra_metadata, serial_articles.created_at, serial_articles.updated_at 
FROM serial_articles
 LIMIT ? OFFSET ?
2026-08-15 21:29:55,036 INFO sqlalchemy.engine.Engine [cached since 4044s ago] (100, 0)
2026-08-15 21:29:55,037 INFO sqlalchemy.engine.Engine ROLLBACK
INFO:     127.0.0.1:60417 - "GET /api/serial-articles/ HTTP/1.1" 200 OK
2026-08-15 21:29:55,300 INFO sqlalchemy.engine.Engine BEGIN (implicit)
2026-08-15 21:29:55,300 INFO sqlalchemy.engine.Engine SELECT users.id, users.personal_number, users.first_name, users.last_name, users.display_name, users.hashed_password, users.is_active, users.is_admin, users.role_id, users.created_at, users.updated_at 
FROM users 
WHERE users.personal_number = ?
2026-08-15 21:29:55,300 INFO sqlalchemy.engine.Engine [cached since 5572s ago] ('1001',)
2026-08-15 21:29:55,302 INFO sqlalchemy.engine.Engine SELECT storage_items.id, storage_items.storage_id, storage_items.name, storage_items.type, storage_items.article_number, storage_items.machine_id, storage_items.location_id, storage_items.description, storage_items.allow_duplicate_id, storage_items.created_at, storage_items.updated_at 
FROM storage_items ORDER BY storage_items.storage_id
 LIMIT ? OFFSET ?
2026-08-15 21:29:55,302 INFO sqlalchemy.engine.Engine [cached since 4044s ago] (500, 0)
2026-08-15 21:29:55,303 INFO sqlalchemy.engine.Engine ROLLBACK
INFO:     127.0.0.1:60420 - "GET /api/storage/?limit=500 HTTP/1.1" 500 Internal Server Error
2026-08-15 21:29:56,478 INFO sqlalchemy.engine.Engine BEGIN (implicit)
2026-08-15 21:29:56,478 INFO sqlalchemy.engine.Engine SELECT users.id, users.personal_number, users.first_name, users.last_name, users.display_name, users.hashed_password, users.is_active, users.is_admin, users.role_id, users.created_at, users.updated_at 
FROM users 
WHERE users.personal_number = ?
2026-08-15 21:29:56,478 INFO sqlalchemy.engine.Engine [cached since 5574s ago] ('1001',)
2026-08-15 21:29:56,480 INFO sqlalchemy.engine.Engine SELECT serial_articles.id, serial_articles.article_number, serial_articles.description, serial_articles.pdf_path, serial_articles.extra_metadata, serial_articles.created_at, serial_articles.updated_at 
FROM serial_articles
 LIMIT ? OFFSET ?
2026-08-15 21:29:56,480 INFO sqlalchemy.engine.Engine [cached since 4046s ago] (100, 0)
2026-08-15 21:29:56,481 INFO sqlalchemy.engine.Engine ROLLBACK
INFO:     127.0.0.1:60422 - "GET /api/serial-articles/ HTTP/1.1" 200 OK
2026-08-15 21:29:56,819 INFO sqlalchemy.engine.Engine BEGIN (implicit)
2026-08-15 21:29:56,819 INFO sqlalchemy.engine.Engine SELECT users.id, users.personal_number, users.first_name, users.last_name, users.display_name, users.hashed_password, users.is_active, users.is_admin, users.role_id, users.created_at, users.updated_at 
FROM users 
WHERE users.personal_number = ?
2026-08-15 21:29:56,820 INFO sqlalchemy.engine.Engine [cached since 5574s ago] ('1001',)
2026-08-15 21:29:56,822 INFO sqlalchemy.engine.Engine SELECT tools.id, tools.tool_id, tools.category, tools.status, tools.is_storage, tools.allow_duplicate_id, tools.measure_a, tools.measure_b, tools.description, tools.plant_id, tools.tool_type_id, tools.storage_location_id, tools.machine_id, tools.customer_id, tools.created_at, tools.updated_at, plants_1.id AS id_1, plants_1.name, plants_1.created_at AS created_at_1, plants_1.updated_at AS updated_at_1, tool_types_1.id AS id_2, tool_types_1.name AS name_1, tool_types_1.created_at AS created_at_2, tool_types_1.updated_at AS updated_at_2 
FROM tools LEFT OUTER JOIN plants AS plants_1 ON plants_1.id = tools.plant_id LEFT OUTER JOIN tool_types AS tool_types_1 ON tool_types_1.id = tools.tool_type_id
 LIMIT ? OFFSET ?
2026-08-15 21:29:56,822 INFO sqlalchemy.engine.Engine [cached since 4047s ago] (500, 0)
2026-08-15 21:29:56,823 INFO sqlalchemy.engine.Engine ROLLBACK
INFO:     127.0.0.1:60426 - "GET /api/tools/?limit=500 HTTP/1.1" 200 OK
2026-08-15 21:29:57,072 INFO sqlalchemy.engine.Engine BEGIN (implicit)
2026-08-15 21:29:57,073 INFO sqlalchemy.engine.Engine SELECT users.id, users.personal_number, users.first_name, users.last_name, users.display_name, users.hashed_password, users.is_active, users.is_admin, users.role_id, users.created_at, users.updated_at 
FROM users 
WHERE users.personal_number = ?
2026-08-15 21:29:57,073 INFO sqlalchemy.engine.Engine [cached since 5574s ago] ('1001',)
2026-08-15 21:29:57,075 INFO sqlalchemy.engine.Engine SELECT tools.id, tools.tool_id, tools.category, tools.status, tools.is_storage, tools.allow_duplicate_id, tools.measure_a, tools.measure_b, tools.description, tools.plant_id, tools.tool_type_id, tools.storage_location_id, tools.machine_id, tools.customer_id, tools.created_at, tools.updated_at, plants_1.id AS id_1, plants_1.name, plants_1.created_at AS created_at_1, plants_1.updated_at AS updated_at_1, tool_types_1.id AS id_2, tool_types_1.name AS name_1, tool_types_1.created_at AS created_at_2, tool_types_1.updated_at AS updated_at_2 
FROM tools LEFT OUTER JOIN plants AS plants_1 ON plants_1.id = tools.plant_id LEFT OUTER JOIN tool_types AS tool_types_1 ON tool_types_1.id = tools.tool_type_id
 LIMIT ? OFFSET ?
2026-08-15 21:29:57,075 INFO sqlalchemy.engine.Engine [cached since 4048s ago] (500, 0)
2026-08-15 21:29:57,076 INFO sqlalchemy.engine.Engine ROLLBACK
INFO:     127.0.0.1:60429 - "GET /api/tools/?limit=500 HTTP/1.1" 200 OK
INFO:     127.0.0.1:49558 - "GET /docs HTTP/1.1" 200 OK
INFO:     127.0.0.1:49558 - "GET /openapi.json HTTP/1.1" 200 OK
INFO:     127.0.0.1:49912 - "GET /docs HTTP/1.1" 200 OK
INFO:     127.0.0.1:49912 - "GET /openapi.json HTTP/1.1" 200 OK
INFO:     127.0.0.1:58370 - "GET /api/auth/me HTTP/1.1" 401 Unauthorized
INFO:     127.0.0.1:58371 - "GET /api/auth/me HTTP/1.1" 401 Unauthorized
2026-08-15 22:32:31,170 INFO sqlalchemy.engine.Engine BEGIN (implicit)
2026-08-15 22:32:31,172 INFO sqlalchemy.engine.Engine SELECT users.id, users.personal_number, users.first_name, users.last_name, users.display_name, users.hashed_password, users.is_active, users.is_admin, users.role_id, users.created_at, users.updated_at 
FROM users 
WHERE users.personal_number = ?
2026-08-15 22:32:31,172 INFO sqlalchemy.engine.Engine [cached since 9328s ago] ('1001',)
2026-08-15 22:32:31,177 INFO sqlalchemy.engine.Engine ROLLBACK
INFO:     127.0.0.1:58374 - "POST /api/auth/login HTTP/1.1" 200 OK
2026-08-15 22:32:50,780 INFO sqlalchemy.engine.Engine BEGIN (implicit)
2026-08-15 22:32:50,781 INFO sqlalchemy.engine.Engine SELECT users.id, users.personal_number, users.first_name, users.last_name, users.display_name, users.hashed_password, users.is_active, users.is_admin, users.role_id, users.created_at, users.updated_at 
FROM users 
WHERE users.personal_number = ?
2026-08-15 22:32:50,781 INFO sqlalchemy.engine.Engine [cached since 9348s ago] ('1001',)
2026-08-15 22:32:50,784 INFO sqlalchemy.engine.Engine SELECT tools.id, tools.tool_id, tools.category, tools.status, tools.is_storage, tools.allow_duplicate_id, tools.measure_a, tools.measure_b, tools.description, tools.plant_id, tools.tool_type_id, tools.storage_location_id, tools.machine_id, tools.customer_id, tools.created_at, tools.updated_at, plants_1.id AS id_1, plants_1.name, plants_1.created_at AS created_at_1, plants_1.updated_at AS updated_at_1, tool_types_1.id AS id_2, tool_types_1.name AS name_1, tool_types_1.created_at AS created_at_2, tool_types_1.updated_at AS updated_at_2 
FROM tools LEFT OUTER JOIN plants AS plants_1 ON plants_1.id = tools.plant_id LEFT OUTER JOIN tool_types AS tool_types_1 ON tool_types_1.id = tools.tool_type_id
 LIMIT ? OFFSET ?
2026-08-15 22:32:50,784 INFO sqlalchemy.engine.Engine [cached since 7821s ago] (500, 0)
2026-08-15 22:32:50,786 INFO sqlalchemy.engine.Engine ROLLBACK
INFO:     127.0.0.1:58381 - "GET /api/tools/?limit=500 HTTP/1.1" 200 OK
2026-08-15 22:32:50,792 INFO sqlalchemy.engine.Engine BEGIN (implicit)
2026-08-15 22:32:50,798 INFO sqlalchemy.engine.Engine SELECT users.id, users.personal_number, users.first_name, users.last_name, users.display_name, users.hashed_password, users.is_active, users.is_admin, users.role_id, users.created_at, users.updated_at 
FROM users 
WHERE users.personal_number = ?
2026-08-15 22:32:50,798 INFO sqlalchemy.engine.Engine [cached since 9348s ago] ('1001',)
2026-08-15 22:32:50,800 INFO sqlalchemy.engine.Engine SELECT tools.id, tools.tool_id, tools.category, tools.status, tools.is_storage, tools.allow_duplicate_id, tools.measure_a, tools.measure_b, tools.description, tools.plant_id, tools.tool_type_id, tools.storage_location_id, tools.machine_id, tools.customer_id, tools.created_at, tools.updated_at, plants_1.id AS id_1, plants_1.name, plants_1.created_at AS created_at_1, plants_1.updated_at AS updated_at_1, tool_types_1.id AS id_2, tool_types_1.name AS name_1, tool_types_1.created_at AS created_at_2, tool_types_1.updated_at AS updated_at_2 
FROM tools LEFT OUTER JOIN plants AS plants_1 ON plants_1.id = tools.plant_id LEFT OUTER JOIN tool_types AS tool_types_1 ON tool_types_1.id = tools.tool_type_id
 LIMIT ? OFFSET ?
2026-08-15 22:32:50,800 INFO sqlalchemy.engine.Engine [cached since 7821s ago] (500, 0)
2026-08-15 22:32:50,801 INFO sqlalchemy.engine.Engine ROLLBACK
INFO:     127.0.0.1:58383 - "GET /api/tools/?limit=500 HTTP/1.1" 200 OK
2026-08-15 22:32:56,147 INFO sqlalchemy.engine.Engine BEGIN (implicit)
2026-08-15 22:32:56,148 INFO sqlalchemy.engine.Engine SELECT users.id, users.personal_number, users.first_name, users.last_name, users.display_name, users.hashed_password, users.is_active, users.is_admin, users.role_id, users.created_at, users.updated_at 
FROM users 
WHERE users.personal_number = ?
2026-08-15 22:32:56,148 INFO sqlalchemy.engine.Engine [cached since 9353s ago] ('1001',)
2026-08-15 22:32:56,150 INFO sqlalchemy.engine.Engine SELECT serial_articles.id, serial_articles.article_number, serial_articles.description, serial_articles.pdf_path, serial_articles.extra_metadata, serial_articles.created_at, serial_articles.updated_at 
FROM serial_articles
 LIMIT ? OFFSET ?
2026-08-15 22:32:56,151 INFO sqlalchemy.engine.Engine [cached since 7825s ago] (100, 0)
2026-08-15 22:32:56,152 INFO sqlalchemy.engine.Engine ROLLBACK
INFO:     127.0.0.1:58400 - "GET /api/serial-articles/ HTTP/1.1" 200 OK
2026-08-15 22:32:57,263 INFO sqlalchemy.engine.Engine BEGIN (implicit)
2026-08-15 22:32:57,263 INFO sqlalchemy.engine.Engine SELECT users.id, users.personal_number, users.first_name, users.last_name, users.display_name, users.hashed_password, users.is_active, users.is_admin, users.role_id, users.created_at, users.updated_at 
FROM users 
WHERE users.personal_number = ?
2026-08-15 22:32:57,263 INFO sqlalchemy.engine.Engine [cached since 9354s ago] ('1001',)
2026-08-15 22:32:57,265 INFO sqlalchemy.engine.Engine SELECT storage_items.id, storage_items.storage_id, storage_items.name, storage_items.type, storage_items.article_number, storage_items.machine_id, storage_items.location_id, storage_items.description, storage_items.allow_duplicate_id, storage_items.created_at, storage_items.updated_at 
FROM storage_items ORDER BY storage_items.storage_id
 LIMIT ? OFFSET ?
2026-08-15 22:32:57,266 INFO sqlalchemy.engine.Engine [cached since 7826s ago] (500, 0)
2026-08-15 22:32:57,266 INFO sqlalchemy.engine.Engine ROLLBACK
INFO:     127.0.0.1:58402 - "GET /api/storage/?limit=500 HTTP/1.1" 500 Internal Server Error
2026-08-15 22:34:13,302 INFO sqlalchemy.engine.Engine BEGIN (implicit)
2026-08-15 22:34:13,303 INFO sqlalchemy.engine.Engine SELECT users.id, users.personal_number, users.first_name, users.last_name, users.display_name, users.hashed_password, users.is_active, users.is_admin, users.role_id, users.created_at, users.updated_at 
FROM users 
WHERE users.personal_number = ?
2026-08-15 22:34:13,303 INFO sqlalchemy.engine.Engine [cached since 9431s ago] ('1001',)
2026-08-15 22:34:13,305 INFO sqlalchemy.engine.Engine SELECT serial_articles.id, serial_articles.article_number, serial_articles.description, serial_articles.pdf_path, serial_articles.extra_metadata, serial_articles.created_at, serial_articles.updated_at 
FROM serial_articles
 LIMIT ? OFFSET ?
2026-08-15 22:34:13,305 INFO sqlalchemy.engine.Engine [cached since 7903s ago] (100, 0)
2026-08-15 22:34:13,306 INFO sqlalchemy.engine.Engine ROLLBACK
INFO:     127.0.0.1:56201 - "GET /api/serial-articles/ HTTP/1.1" 200 OK
2026-08-15 22:34:15,761 INFO sqlalchemy.engine.Engine BEGIN (implicit)
2026-08-15 22:34:15,761 INFO sqlalchemy.engine.Engine SELECT users.id, users.personal_number, users.first_name, users.last_name, users.display_name, users.hashed_password, users.is_active, users.is_admin, users.role_id, users.created_at, users.updated_at 
FROM users 
WHERE users.personal_number = ?
2026-08-15 22:34:15,761 INFO sqlalchemy.engine.Engine [cached since 9433s ago] ('1001',)
2026-08-15 22:34:15,763 INFO sqlalchemy.engine.Engine SELECT storage_items.id, storage_items.storage_id, storage_items.name, storage_items.type, storage_items.article_number, storage_items.machine_id, storage_items.location_id, storage_items.description, storage_items.allow_duplicate_id, storage_items.created_at, storage_items.updated_at 
FROM storage_items ORDER BY storage_items.storage_id
 LIMIT ? OFFSET ?
2026-08-15 22:34:15,763 INFO sqlalchemy.engine.Engine [cached since 7905s ago] (500, 0)
2026-08-15 22:34:15,764 INFO sqlalchemy.engine.Engine ROLLBACK
INFO:     127.0.0.1:56203 - "GET /api/storage/?limit=500 HTTP/1.1" 500 Internal Server Error
2026-08-15 22:34:19,620 INFO sqlalchemy.engine.Engine BEGIN (implicit)
2026-08-15 22:34:19,621 INFO sqlalchemy.engine.Engine SELECT users.id, users.personal_number, users.first_name, users.last_name, users.display_name, users.hashed_password, users.is_active, users.is_admin, users.role_id, users.created_at, users.updated_at 
FROM users 
WHERE users.personal_number = ?
2026-08-15 22:34:19,621 INFO sqlalchemy.engine.Engine [cached since 9437s ago] ('1001',)
2026-08-15 22:34:19,622 INFO sqlalchemy.engine.Engine SELECT tools.id, tools.tool_id, tools.category, tools.status, tools.is_storage, tools.allow_duplicate_id, tools.measure_a, tools.measure_b, tools.description, tools.plant_id, tools.tool_type_id, tools.storage_location_id, tools.machine_id, tools.customer_id, tools.created_at, tools.updated_at, plants_1.id AS id_1, plants_1.name, plants_1.created_at AS created_at_1, plants_1.updated_at AS updated_at_1, tool_types_1.id AS id_2, tool_types_1.name AS name_1, tool_types_1.created_at AS created_at_2, tool_types_1.updated_at AS updated_at_2 
FROM tools LEFT OUTER JOIN plants AS plants_1 ON plants_1.id = tools.plant_id LEFT OUTER JOIN tool_types AS tool_types_1 ON tool_types_1.id = tools.tool_type_id
 LIMIT ? OFFSET ?
2026-08-15 22:34:19,623 INFO sqlalchemy.engine.Engine [cached since 7910s ago] (500, 0)
2026-08-15 22:34:19,624 INFO sqlalchemy.engine.Engine ROLLBACK
INFO:     127.0.0.1:56205 - "GET /api/tools/?limit=500 HTTP/1.1" 200 OK
2026-08-15 22:34:19,629 INFO sqlalchemy.engine.Engine BEGIN (implicit)
2026-08-15 22:34:19,641 INFO sqlalchemy.engine.Engine SELECT users.id, users.personal_number, users.first_name, users.last_name, users.display_name, users.hashed_password, users.is_active, users.is_admin, users.role_id, users.created_at, users.updated_at 
FROM users 
WHERE users.personal_number = ?
2026-08-15 22:34:19,641 INFO sqlalchemy.engine.Engine [cached since 9437s ago] ('1001',)
2026-08-15 22:34:19,643 INFO sqlalchemy.engine.Engine SELECT tools.id, tools.tool_id, tools.category, tools.status, tools.is_storage, tools.allow_duplicate_id, tools.measure_a, tools.measure_b, tools.description, tools.plant_id, tools.tool_type_id, tools.storage_location_id, tools.machine_id, tools.customer_id, tools.created_at, tools.updated_at, plants_1.id AS id_1, plants_1.name, plants_1.created_at AS created_at_1, plants_1.updated_at AS updated_at_1, tool_types_1.id AS id_2, tool_types_1.name AS name_1, tool_types_1.created_at AS created_at_2, tool_types_1.updated_at AS updated_at_2 
FROM tools LEFT OUTER JOIN plants AS plants_1 ON plants_1.id = tools.plant_id LEFT OUTER JOIN tool_types AS tool_types_1 ON tool_types_1.id = tools.tool_type_id
 LIMIT ? OFFSET ?
2026-08-15 22:34:19,643 INFO sqlalchemy.engine.Engine [cached since 7910s ago] (500, 0)
2026-08-15 22:34:19,645 INFO sqlalchemy.engine.Engine ROLLBACK
INFO:     127.0.0.1:56207 - "GET /api/tools/?limit=500 HTTP/1.1" 200 OK
2026-08-15 22:34:41,205 INFO sqlalchemy.engine.Engine BEGIN (implicit)
2026-08-15 22:34:41,205 INFO sqlalchemy.engine.Engine SELECT users.id, users.personal_number, users.first_name, users.last_name, users.display_name, users.hashed_password, users.is_active, users.is_admin, users.role_id, users.created_at, users.updated_at 
FROM users 
WHERE users.personal_number = ?
2026-08-15 22:34:41,206 INFO sqlalchemy.engine.Engine [cached since 9458s ago] ('1001',)
2026-08-15 22:34:41,207 INFO sqlalchemy.engine.Engine SELECT tools.id, tools.tool_id, tools.category, tools.status, tools.is_storage, tools.allow_duplicate_id, tools.measure_a, tools.measure_b, tools.description, tools.plant_id, tools.tool_type_id, tools.storage_location_id, tools.machine_id, tools.customer_id, tools.created_at, tools.updated_at, plants_1.id AS id_1, plants_1.name, plants_1.created_at AS created_at_1, plants_1.updated_at AS updated_at_1, tool_types_1.id AS id_2, tool_types_1.name AS name_1, tool_types_1.created_at AS created_at_2, tool_types_1.updated_at AS updated_at_2 
FROM tools LEFT OUTER JOIN plants AS plants_1 ON plants_1.id = tools.plant_id LEFT OUTER JOIN tool_types AS tool_types_1 ON tool_types_1.id = tools.tool_type_id
 LIMIT ? OFFSET ?
2026-08-15 22:34:41,208 INFO sqlalchemy.engine.Engine [cached since 7932s ago] (500, 0)
2026-08-15 22:34:41,209 INFO sqlalchemy.engine.Engine ROLLBACK
INFO:     127.0.0.1:56215 - "GET /api/tools/?limit=500 HTTP/1.1" 200 OK
2026-08-15 22:34:41,213 INFO sqlalchemy.engine.Engine BEGIN (implicit)
2026-08-15 22:34:41,213 INFO sqlalchemy.engine.Engine SELECT users.id, users.personal_number, users.first_name, users.last_name, users.display_name, users.hashed_password, users.is_active, users.is_admin, users.role_id, users.created_at, users.updated_at 
FROM users 
WHERE users.personal_number = ?
2026-08-15 22:34:41,214 INFO sqlalchemy.engine.Engine [cached since 9458s ago] ('1001',)
2026-08-15 22:34:41,215 INFO sqlalchemy.engine.Engine SELECT tools.id, tools.tool_id, tools.category, tools.status, tools.is_storage, tools.allow_duplicate_id, tools.measure_a, tools.measure_b, tools.description, tools.plant_id, tools.tool_type_id, tools.storage_location_id, tools.machine_id, tools.customer_id, tools.created_at, tools.updated_at, plants_1.id AS id_1, plants_1.name, plants_1.created_at AS created_at_1, plants_1.updated_at AS updated_at_1, tool_types_1.id AS id_2, tool_types_1.name AS name_1, tool_types_1.created_at AS created_at_2, tool_types_1.updated_at AS updated_at_2 
FROM tools LEFT OUTER JOIN plants AS plants_1 ON plants_1.id = tools.plant_id LEFT OUTER JOIN tool_types AS tool_types_1 ON tool_types_1.id = tools.tool_type_id
 LIMIT ? OFFSET ?
2026-08-15 22:34:41,216 INFO sqlalchemy.engine.Engine [cached since 7932s ago] (500, 0)
2026-08-15 22:34:41,217 INFO sqlalchemy.engine.Engine ROLLBACK
INFO:     127.0.0.1:56217 - "GET /api/tools/?limit=500 HTTP/1.1" 200 OK
2026-08-15 22:34:42,221 INFO sqlalchemy.engine.Engine BEGIN (implicit)
2026-08-15 22:34:42,222 INFO sqlalchemy.engine.Engine SELECT users.id, users.personal_number, users.first_name, users.last_name, users.display_name, users.hashed_password, users.is_active, users.is_admin, users.role_id, users.created_at, users.updated_at 
FROM users 
WHERE users.personal_number = ?
2026-08-15 22:34:42,222 INFO sqlalchemy.engine.Engine [cached since 9459s ago] ('1001',)
2026-08-15 22:34:42,224 INFO sqlalchemy.engine.Engine SELECT serial_articles.id, serial_articles.article_number, serial_articles.description, serial_articles.pdf_path, serial_articles.extra_metadata, serial_articles.created_at, serial_articles.updated_at 
FROM serial_articles
 LIMIT ? OFFSET ?
2026-08-15 22:34:42,224 INFO sqlalchemy.engine.Engine [cached since 7932s ago] (100, 0)
2026-08-15 22:34:42,225 INFO sqlalchemy.engine.Engine ROLLBACK
INFO:     127.0.0.1:56219 - "GET /api/serial-articles/ HTTP/1.1" 200 OK
2026-08-15 22:34:42,954 INFO sqlalchemy.engine.Engine BEGIN (implicit)
2026-08-15 22:34:42,954 INFO sqlalchemy.engine.Engine SELECT users.id, users.personal_number, users.first_name, users.last_name, users.display_name, users.hashed_password, users.is_active, users.is_admin, users.role_id, users.created_at, users.updated_at 
FROM users 
WHERE users.personal_number = ?
2026-08-15 22:34:42,954 INFO sqlalchemy.engine.Engine [cached since 9460s ago] ('1001',)
2026-08-15 22:34:42,956 INFO sqlalchemy.engine.Engine SELECT storage_items.id, storage_items.storage_id, storage_items.name, storage_items.type, storage_items.article_number, storage_items.machine_id, storage_items.location_id, storage_items.description, storage_items.allow_duplicate_id, storage_items.created_at, storage_items.updated_at 
FROM storage_items ORDER BY storage_items.storage_id
 LIMIT ? OFFSET ?
2026-08-15 22:34:42,956 INFO sqlalchemy.engine.Engine [cached since 7932s ago] (500, 0)
2026-08-15 22:34:42,957 INFO sqlalchemy.engine.Engine ROLLBACK
INFO:     127.0.0.1:56221 - "GET /api/storage/?limit=500 HTTP/1.1" 500 Internal Server Error
2026-08-15 22:34:49,072 INFO sqlalchemy.engine.Engine BEGIN (implicit)
2026-08-15 22:34:49,072 INFO sqlalchemy.engine.Engine SELECT users.id, users.personal_number, users.first_name, users.last_name, users.display_name, users.hashed_password, users.is_active, users.is_admin, users.role_id, users.created_at, users.updated_at 
FROM users 
WHERE users.personal_number = ?
2026-08-15 22:34:49,073 INFO sqlalchemy.engine.Engine [cached since 9466s ago] ('1001',)
2026-08-15 22:34:49,074 INFO sqlalchemy.engine.Engine SELECT tools.id, tools.tool_id, tools.category, tools.status, tools.is_storage, tools.allow_duplicate_id, tools.measure_a, tools.measure_b, tools.description, tools.plant_id, tools.tool_type_id, tools.storage_location_id, tools.machine_id, tools.customer_id, tools.created_at, tools.updated_at, plants_1.id AS id_1, plants_1.name, plants_1.created_at AS created_at_1, plants_1.updated_at AS updated_at_1, tool_types_1.id AS id_2, tool_types_1.name AS name_1, tool_types_1.created_at AS created_at_2, tool_types_1.updated_at AS updated_at_2 
FROM tools LEFT OUTER JOIN plants AS plants_1 ON plants_1.id = tools.plant_id LEFT OUTER JOIN tool_types AS tool_types_1 ON tool_types_1.id = tools.tool_type_id
 LIMIT ? OFFSET ?
2026-08-15 22:34:49,075 INFO sqlalchemy.engine.Engine [cached since 7940s ago] (500, 0)
2026-08-15 22:34:49,076 INFO sqlalchemy.engine.Engine ROLLBACK
INFO:     127.0.0.1:56224 - "GET /api/tools/?limit=500 HTTP/1.1" 200 OK
2026-08-15 22:34:49,081 INFO sqlalchemy.engine.Engine BEGIN (implicit)
2026-08-15 22:34:49,088 INFO sqlalchemy.engine.Engine SELECT users.id, users.personal_number, users.first_name, users.last_name, users.display_name, users.hashed_password, users.is_active, users.is_admin, users.role_id, users.created_at, users.updated_at 
FROM users 
WHERE users.personal_number = ?
2026-08-15 22:34:49,088 INFO sqlalchemy.engine.Engine [cached since 9466s ago] ('1001',)
2026-08-15 22:34:49,090 INFO sqlalchemy.engine.Engine SELECT tools.id, tools.tool_id, tools.category, tools.status, tools.is_storage, tools.allow_duplicate_id, tools.measure_a, tools.measure_b, tools.description, tools.plant_id, tools.tool_type_id, tools.storage_location_id, tools.machine_id, tools.customer_id, tools.created_at, tools.updated_at, plants_1.id AS id_1, plants_1.name, plants_1.created_at AS created_at_1, plants_1.updated_at AS updated_at_1, tool_types_1.id AS id_2, tool_types_1.name AS name_1, tool_types_1.created_at AS created_at_2, tool_types_1.updated_at AS updated_at_2 
FROM tools LEFT OUTER JOIN plants AS plants_1 ON plants_1.id = tools.plant_id LEFT OUTER JOIN tool_types AS tool_types_1 ON tool_types_1.id = tools.tool_type_id
 LIMIT ? OFFSET ?
2026-08-15 22:34:49,091 INFO sqlalchemy.engine.Engine [cached since 7940s ago] (500, 0)
2026-08-15 22:34:49,092 INFO sqlalchemy.engine.Engine ROLLBACK
INFO:     127.0.0.1:56226 - "GET /api/tools/?limit=500 HTTP/1.1" 200 OK
2026-08-15 22:34:50,128 INFO sqlalchemy.engine.Engine BEGIN (implicit)
2026-08-15 22:34:50,128 INFO sqlalchemy.engine.Engine SELECT users.id, users.personal_number, users.first_name, users.last_name, users.display_name, users.hashed_password, users.is_active, users.is_admin, users.role_id, users.created_at, users.updated_at 
FROM users 
WHERE users.personal_number = ?
2026-08-15 22:34:50,129 INFO sqlalchemy.engine.Engine [cached since 9467s ago] ('1001',)
2026-08-15 22:34:50,130 INFO sqlalchemy.engine.Engine SELECT serial_articles.id, serial_articles.article_number, serial_articles.description, serial_articles.pdf_path, serial_articles.extra_metadata, serial_articles.created_at, serial_articles.updated_at 
FROM serial_articles
 LIMIT ? OFFSET ?
2026-08-15 22:34:50,130 INFO sqlalchemy.engine.Engine [cached since 7939s ago] (100, 0)
2026-08-15 22:34:50,132 INFO sqlalchemy.engine.Engine ROLLBACK
INFO:     127.0.0.1:56228 - "GET /api/serial-articles/ HTTP/1.1" 200 OK
2026-08-15 22:34:50,608 INFO sqlalchemy.engine.Engine BEGIN (implicit)
2026-08-15 22:34:50,609 INFO sqlalchemy.engine.Engine SELECT users.id, users.personal_number, users.first_name, users.last_name, users.display_name, users.hashed_password, users.is_active, users.is_admin, users.role_id, users.created_at, users.updated_at 
FROM users 
WHERE users.personal_number = ?
2026-08-15 22:34:50,609 INFO sqlalchemy.engine.Engine [cached since 9468s ago] ('1001',)
2026-08-15 22:34:50,611 INFO sqlalchemy.engine.Engine SELECT storage_items.id, storage_items.storage_id, storage_items.name, storage_items.type, storage_items.article_number, storage_items.machine_id, storage_items.location_id, storage_items.description, storage_items.allow_duplicate_id, storage_items.created_at, storage_items.updated_at 
FROM storage_items ORDER BY storage_items.storage_id
 LIMIT ? OFFSET ?
2026-08-15 22:34:50,611 INFO sqlalchemy.engine.Engine [cached since 7940s ago] (500, 0)
2026-08-15 22:34:50,612 INFO sqlalchemy.engine.Engine ROLLBACK
INFO:     127.0.0.1:56230 - "GET /api/storage/?limit=500 HTTP/1.1" 500 Internal Server Error
2026-08-15 22:34:52,944 INFO sqlalchemy.engine.Engine BEGIN (implicit)
2026-08-15 22:34:52,945 INFO sqlalchemy.engine.Engine SELECT users.id, users.personal_number, users.first_name, users.last_name, users.display_name, users.hashed_password, users.is_active, users.is_admin, users.role_id, users.created_at, users.updated_at 
FROM users 
WHERE users.personal_number = ?
2026-08-15 22:34:52,945 INFO sqlalchemy.engine.Engine [cached since 9470s ago] ('1001',)
2026-08-15 22:34:52,947 INFO sqlalchemy.engine.Engine SELECT tools.id, tools.tool_id, tools.category, tools.status, tools.is_storage, tools.allow_duplicate_id, tools.measure_a, tools.measure_b, tools.description, tools.plant_id, tools.tool_type_id, tools.storage_location_id, tools.machine_id, tools.customer_id, tools.created_at, tools.updated_at, plants_1.id AS id_1, plants_1.name, plants_1.created_at AS created_at_1, plants_1.updated_at AS updated_at_1, tool_types_1.id AS id_2, tool_types_1.name AS name_1, tool_types_1.created_at AS created_at_2, tool_types_1.updated_at AS updated_at_2 
FROM tools LEFT OUTER JOIN plants AS plants_1 ON plants_1.id = tools.plant_id LEFT OUTER JOIN tool_types AS tool_types_1 ON tool_types_1.id = tools.tool_type_id
 LIMIT ? OFFSET ?
2026-08-15 22:34:52,947 INFO sqlalchemy.engine.Engine [cached since 7944s ago] (500, 0)
2026-08-15 22:34:52,948 INFO sqlalchemy.engine.Engine ROLLBACK
INFO:     127.0.0.1:56232 - "GET /api/tools/?limit=500 HTTP/1.1" 200 OK
2026-08-15 22:34:52,953 INFO sqlalchemy.engine.Engine BEGIN (implicit)
2026-08-15 22:34:52,960 INFO sqlalchemy.engine.Engine SELECT users.id, users.personal_number, users.first_name, users.last_name, users.display_name, users.hashed_password, users.is_active, users.is_admin, users.role_id, users.created_at, users.updated_at 
FROM users 
WHERE users.personal_number = ?
2026-08-15 22:34:52,960 INFO sqlalchemy.engine.Engine [cached since 9470s ago] ('1001',)
2026-08-15 22:34:52,962 INFO sqlalchemy.engine.Engine SELECT tools.id, tools.tool_id, tools.category, tools.status, tools.is_storage, tools.allow_duplicate_id, tools.measure_a, tools.measure_b, tools.description, tools.plant_id, tools.tool_type_id, tools.storage_location_id, tools.machine_id, tools.customer_id, tools.created_at, tools.updated_at, plants_1.id AS id_1, plants_1.name, plants_1.created_at AS created_at_1, plants_1.updated_at AS updated_at_1, tool_types_1.id AS id_2, tool_types_1.name AS name_1, tool_types_1.created_at AS created_at_2, tool_types_1.updated_at AS updated_at_2 
FROM tools LEFT OUTER JOIN plants AS plants_1 ON plants_1.id = tools.plant_id LEFT OUTER JOIN tool_types AS tool_types_1 ON tool_types_1.id = tools.tool_type_id
 LIMIT ? OFFSET ?
2026-08-15 22:34:52,962 INFO sqlalchemy.engine.Engine [cached since 7944s ago] (500, 0)
2026-08-15 22:34:52,963 INFO sqlalchemy.engine.Engine ROLLBACK
INFO:     127.0.0.1:56234 - "GET /api/tools/?limit=500 HTTP/1.1" 200 OK
2026-08-15 22:34:53,615 INFO sqlalchemy.engine.Engine BEGIN (implicit)
2026-08-15 22:34:53,615 INFO sqlalchemy.engine.Engine SELECT users.id, users.personal_number, users.first_name, users.last_name, users.display_name, users.hashed_password, users.is_active, users.is_admin, users.role_id, users.created_at, users.updated_at 
FROM users 
WHERE users.personal_number = ?
2026-08-15 22:34:53,615 INFO sqlalchemy.engine.Engine [cached since 9471s ago] ('1001',)
2026-08-15 22:34:53,617 INFO sqlalchemy.engine.Engine SELECT serial_articles.id, serial_articles.article_number, serial_articles.description, serial_articles.pdf_path, serial_articles.extra_metadata, serial_articles.created_at, serial_articles.updated_at 
FROM serial_articles
 LIMIT ? OFFSET ?
2026-08-15 22:34:53,618 INFO sqlalchemy.engine.Engine [cached since 7943s ago] (100, 0)
2026-08-15 22:34:53,619 INFO sqlalchemy.engine.Engine ROLLBACK
INFO:     127.0.0.1:56236 - "GET /api/serial-articles/ HTTP/1.1" 200 OK
2026-08-15 22:34:53,983 INFO sqlalchemy.engine.Engine BEGIN (implicit)
2026-08-15 22:34:53,983 INFO sqlalchemy.engine.Engine SELECT users.id, users.personal_number, users.first_name, users.last_name, users.display_name, users.hashed_password, users.is_active, users.is_admin, users.role_id, users.created_at, users.updated_at 
FROM users 
WHERE users.personal_number = ?
2026-08-15 22:34:53,984 INFO sqlalchemy.engine.Engine [cached since 9471s ago] ('1001',)
2026-08-15 22:34:53,985 INFO sqlalchemy.engine.Engine SELECT storage_items.id, storage_items.storage_id, storage_items.name, storage_items.type, storage_items.article_number, storage_items.machine_id, storage_items.location_id, storage_items.description, storage_items.allow_duplicate_id, storage_items.created_at, storage_items.updated_at 
FROM storage_items ORDER BY storage_items.storage_id
 LIMIT ? OFFSET ?
2026-08-15 22:34:53,986 INFO sqlalchemy.engine.Engine [cached since 7943s ago] (500, 0)
2026-08-15 22:34:53,986 INFO sqlalchemy.engine.Engine ROLLBACK
INFO:     127.0.0.1:56238 - "GET /api/storage/?limit=500 HTTP/1.1" 500 Internal Server Error
2026-08-15 22:49:25,397 INFO sqlalchemy.engine.Engine BEGIN (implicit)
2026-08-15 22:49:25,397 INFO sqlalchemy.engine.Engine SELECT users.id, users.personal_number, users.first_name, users.last_name, users.display_name, users.hashed_password, users.is_active, users.is_admin, users.role_id, users.created_at, users.updated_at 
FROM users 
WHERE users.personal_number = ?
2026-08-15 22:49:25,398 INFO sqlalchemy.engine.Engine [cached since 1.034e+04s ago] ('1001',)
2026-08-15 22:49:25,400 INFO sqlalchemy.engine.Engine SELECT serial_articles.id, serial_articles.article_number, serial_articles.description, serial_articles.pdf_path, serial_articles.extra_metadata, serial_articles.created_at, serial_articles.updated_at 
FROM serial_articles
 LIMIT ? OFFSET ?
2026-08-15 22:49:25,400 INFO sqlalchemy.engine.Engine [cached since 8815s ago] (100, 0)
2026-08-15 22:49:25,401 INFO sqlalchemy.engine.Engine ROLLBACK
INFO:     127.0.0.1:55136 - "GET /api/serial-articles/ HTTP/1.1" 200 OK
2026-08-15 22:49:34,394 INFO sqlalchemy.engine.Engine BEGIN (implicit)
2026-08-15 22:49:34,395 INFO sqlalchemy.engine.Engine SELECT users.id, users.personal_number, users.first_name, users.last_name, users.display_name, users.hashed_password, users.is_active, users.is_admin, users.role_id, users.created_at, users.updated_at 
FROM users 
WHERE users.personal_number = ?
2026-08-15 22:49:34,395 INFO sqlalchemy.engine.Engine [cached since 1.035e+04s ago] ('1001',)
2026-08-15 22:49:34,397 INFO sqlalchemy.engine.Engine SELECT serial_articles.id, serial_articles.article_number, serial_articles.description, serial_articles.pdf_path, serial_articles.extra_metadata, serial_articles.created_at, serial_articles.updated_at 
FROM serial_articles
 LIMIT ? OFFSET ?
2026-08-15 22:49:34,397 INFO sqlalchemy.engine.Engine [cached since 8824s ago] (100, 0)
2026-08-15 22:49:34,398 INFO sqlalchemy.engine.Engine ROLLBACK
INFO:     127.0.0.1:55140 - "GET /api/serial-articles/ HTTP/1.1" 200 OK
2026-08-15 22:51:14,834 INFO sqlalchemy.engine.Engine BEGIN (implicit)
2026-08-15 22:51:14,834 INFO sqlalchemy.engine.Engine SELECT users.id, users.personal_number, users.first_name, users.last_name, users.display_name, users.hashed_password, users.is_active, users.is_admin, users.role_id, users.created_at, users.updated_at 
FROM users 
WHERE users.personal_number = ?
2026-08-15 22:51:14,835 INFO sqlalchemy.engine.Engine [cached since 1.045e+04s ago] ('1001',)
2026-08-15 22:51:14,836 INFO sqlalchemy.engine.Engine SELECT tools.id, tools.tool_id, tools.category, tools.status, tools.is_storage, tools.allow_duplicate_id, tools.measure_a, tools.measure_b, tools.description, tools.plant_id, tools.tool_type_id, tools.storage_location_id, tools.machine_id, tools.customer_id, tools.created_at, tools.updated_at, plants_1.id AS id_1, plants_1.name, plants_1.created_at AS created_at_1, plants_1.updated_at AS updated_at_1, tool_types_1.id AS id_2, tool_types_1.name AS name_1, tool_types_1.created_at AS created_at_2, tool_types_1.updated_at AS updated_at_2 
FROM tools LEFT OUTER JOIN plants AS plants_1 ON plants_1.id = tools.plant_id LEFT OUTER JOIN tool_types AS tool_types_1 ON tool_types_1.id = tools.tool_type_id
 LIMIT ? OFFSET ?
2026-08-15 22:51:14,837 INFO sqlalchemy.engine.Engine [cached since 8926s ago] (500, 0)
2026-08-15 22:51:14,838 INFO sqlalchemy.engine.Engine ROLLBACK
INFO:     127.0.0.1:60353 - "GET /api/tools/?limit=500 HTTP/1.1" 200 OK
2026-08-15 22:51:14,843 INFO sqlalchemy.engine.Engine BEGIN (implicit)
2026-08-15 22:51:14,849 INFO sqlalchemy.engine.Engine SELECT users.id, users.personal_number, users.first_name, users.last_name, users.display_name, users.hashed_password, users.is_active, users.is_admin, users.role_id, users.created_at, users.updated_at 
FROM users 
WHERE users.personal_number = ?
2026-08-15 22:51:14,849 INFO sqlalchemy.engine.Engine [cached since 1.045e+04s ago] ('1001',)
2026-08-15 22:51:14,850 INFO sqlalchemy.engine.Engine SELECT tools.id, tools.tool_id, tools.category, tools.status, tools.is_storage, tools.allow_duplicate_id, tools.measure_a, tools.measure_b, tools.description, tools.plant_id, tools.tool_type_id, tools.storage_location_id, tools.machine_id, tools.customer_id, tools.created_at, tools.updated_at, plants_1.id AS id_1, plants_1.name, plants_1.created_at AS created_at_1, plants_1.updated_at AS updated_at_1, tool_types_1.id AS id_2, tool_types_1.name AS name_1, tool_types_1.created_at AS created_at_2, tool_types_1.updated_at AS updated_at_2 
FROM tools LEFT OUTER JOIN plants AS plants_1 ON plants_1.id = tools.plant_id LEFT OUTER JOIN tool_types AS tool_types_1 ON tool_types_1.id = tools.tool_type_id
 LIMIT ? OFFSET ?
2026-08-15 22:51:14,851 INFO sqlalchemy.engine.Engine [cached since 8926s ago] (500, 0)
2026-08-15 22:51:14,852 INFO sqlalchemy.engine.Engine ROLLBACK
INFO:     127.0.0.1:60355 - "GET /api/tools/?limit=500 HTTP/1.1" 200 OK
2026-08-15 22:51:15,803 INFO sqlalchemy.engine.Engine BEGIN (implicit)
2026-08-15 22:51:15,803 INFO sqlalchemy.engine.Engine SELECT users.id, users.personal_number, users.first_name, users.last_name, users.display_name, users.hashed_password, users.is_active, users.is_admin, users.role_id, users.created_at, users.updated_at 
FROM users 
WHERE users.personal_number = ?
2026-08-15 22:51:15,803 INFO sqlalchemy.engine.Engine [cached since 1.045e+04s ago] ('1001',)
2026-08-15 22:51:15,805 INFO sqlalchemy.engine.Engine SELECT storage_items.id, storage_items.storage_id, storage_items.name, storage_items.type, storage_items.article_number, storage_items.machine_id, storage_items.location_id, storage_items.description, storage_items.allow_duplicate_id, storage_items.created_at, storage_items.updated_at 
FROM storage_items ORDER BY storage_items.storage_id
 LIMIT ? OFFSET ?
2026-08-15 22:51:15,805 INFO sqlalchemy.engine.Engine [cached since 8925s ago] (500, 0)
2026-08-15 22:51:15,806 INFO sqlalchemy.engine.Engine ROLLBACK
INFO:     127.0.0.1:60357 - "GET /api/storage/?limit=500 HTTP/1.1" 500 Internal Server Error
2026-08-15 22:51:17,260 INFO sqlalchemy.engine.Engine BEGIN (implicit)
2026-08-15 22:51:17,261 INFO sqlalchemy.engine.Engine SELECT users.id, users.personal_number, users.first_name, users.last_name, users.display_name, users.hashed_password, users.is_active, users.is_admin, users.role_id, users.created_at, users.updated_at 
FROM users 
WHERE users.personal_number = ?
2026-08-15 22:51:17,261 INFO sqlalchemy.engine.Engine [cached since 1.045e+04s ago] ('1001',)
2026-08-15 22:51:17,263 INFO sqlalchemy.engine.Engine SELECT serial_articles.id, serial_articles.article_number, serial_articles.description, serial_articles.pdf_path, serial_articles.extra_metadata, serial_articles.created_at, serial_articles.updated_at 
FROM serial_articles
 LIMIT ? OFFSET ?
2026-08-15 22:51:17,263 INFO sqlalchemy.engine.Engine [cached since 8927s ago] (100, 0)
2026-08-15 22:51:17,264 INFO sqlalchemy.engine.Engine ROLLBACK
INFO:     127.0.0.1:60359 - "GET /api/serial-articles/ HTTP/1.1" 200 OK
2026-08-15 22:51:17,902 INFO sqlalchemy.engine.Engine BEGIN (implicit)
2026-08-15 22:51:17,903 INFO sqlalchemy.engine.Engine SELECT users.id, users.personal_number, users.first_name, users.last_name, users.display_name, users.hashed_password, users.is_active, users.is_admin, users.role_id, users.created_at, users.updated_at 
FROM users 
WHERE users.personal_number = ?
2026-08-15 22:51:17,903 INFO sqlalchemy.engine.Engine [cached since 1.046e+04s ago] ('1001',)
2026-08-15 22:51:17,905 INFO sqlalchemy.engine.Engine SELECT tools.id, tools.tool_id, tools.category, tools.status, tools.is_storage, tools.allow_duplicate_id, tools.measure_a, tools.measure_b, tools.description, tools.plant_id, tools.tool_type_id, tools.storage_location_id, tools.machine_id, tools.customer_id, tools.created_at, tools.updated_at, plants_1.id AS id_1, plants_1.name, plants_1.created_at AS created_at_1, plants_1.updated_at AS updated_at_1, tool_types_1.id AS id_2, tool_types_1.name AS name_1, tool_types_1.created_at AS created_at_2, tool_types_1.updated_at AS updated_at_2 
FROM tools LEFT OUTER JOIN plants AS plants_1 ON plants_1.id = tools.plant_id LEFT OUTER JOIN tool_types AS tool_types_1 ON tool_types_1.id = tools.tool_type_id
 LIMIT ? OFFSET ?
2026-08-15 22:51:17,905 INFO sqlalchemy.engine.Engine [cached since 8929s ago] (500, 0)
2026-08-15 22:51:17,906 INFO sqlalchemy.engine.Engine ROLLBACK
INFO:     127.0.0.1:60361 - "GET /api/tools/?limit=500 HTTP/1.1" 200 OK
2026-08-15 22:51:17,911 INFO sqlalchemy.engine.Engine BEGIN (implicit)
2026-08-15 22:51:17,917 INFO sqlalchemy.engine.Engine SELECT users.id, users.personal_number, users.first_name, users.last_name, users.display_name, users.hashed_password, users.is_active, users.is_admin, users.role_id, users.created_at, users.updated_at 
FROM users 
WHERE users.personal_number = ?
2026-08-15 22:51:17,917 INFO sqlalchemy.engine.Engine [cached since 1.046e+04s ago] ('1001',)
2026-08-15 22:51:17,919 INFO sqlalchemy.engine.Engine SELECT tools.id, tools.tool_id, tools.category, tools.status, tools.is_storage, tools.allow_duplicate_id, tools.measure_a, tools.measure_b, tools.description, tools.plant_id, tools.tool_type_id, tools.storage_location_id, tools.machine_id, tools.customer_id, tools.created_at, tools.updated_at, plants_1.id AS id_1, plants_1.name, plants_1.created_at AS created_at_1, plants_1.updated_at AS updated_at_1, tool_types_1.id AS id_2, tool_types_1.name AS name_1, tool_types_1.created_at AS created_at_2, tool_types_1.updated_at AS updated_at_2 
FROM tools LEFT OUTER JOIN plants AS plants_1 ON plants_1.id = tools.plant_id LEFT OUTER JOIN tool_types AS tool_types_1 ON tool_types_1.id = tools.tool_type_id
 LIMIT ? OFFSET ?
2026-08-15 22:51:17,919 INFO sqlalchemy.engine.Engine [cached since 8929s ago] (500, 0)
2026-08-15 22:51:17,920 INFO sqlalchemy.engine.Engine ROLLBACK
INFO:     127.0.0.1:60363 - "GET /api/tools/?limit=500 HTTP/1.1" 200 OK
2026-08-15 22:51:18,663 INFO sqlalchemy.engine.Engine BEGIN (implicit)
2026-08-15 22:51:18,663 INFO sqlalchemy.engine.Engine SELECT users.id, users.personal_number, users.first_name, users.last_name, users.display_name, users.hashed_password, users.is_active, users.is_admin, users.role_id, users.created_at, users.updated_at 
FROM users 
WHERE users.personal_number = ?
2026-08-15 22:51:18,663 INFO sqlalchemy.engine.Engine [cached since 1.046e+04s ago] ('1001',)
2026-08-15 22:51:18,665 INFO sqlalchemy.engine.Engine SELECT storage_items.id, storage_items.storage_id, storage_items.name, storage_items.type, storage_items.article_number, storage_items.machine_id, storage_items.location_id, storage_items.description, storage_items.allow_duplicate_id, storage_items.created_at, storage_items.updated_at 
FROM storage_items ORDER BY storage_items.storage_id
 LIMIT ? OFFSET ?
2026-08-15 22:51:18,665 INFO sqlalchemy.engine.Engine [cached since 8928s ago] (500, 0)
2026-08-15 22:51:18,666 INFO sqlalchemy.engine.Engine ROLLBACK
INFO:     127.0.0.1:60365 - "GET /api/storage/?limit=500 HTTP/1.1" 500 Internal Server Error
2026-08-15 22:51:19,794 INFO sqlalchemy.engine.Engine BEGIN (implicit)
2026-08-15 22:51:19,795 INFO sqlalchemy.engine.Engine SELECT users.id, users.personal_number, users.first_name, users.last_name, users.display_name, users.hashed_password, users.is_active, users.is_admin, users.role_id, users.created_at, users.updated_at 
FROM users 
WHERE users.personal_number = ?
2026-08-15 22:51:19,795 INFO sqlalchemy.engine.Engine [cached since 1.046e+04s ago] ('1001',)
2026-08-15 22:51:19,797 INFO sqlalchemy.engine.Engine SELECT tools.id, tools.tool_id, tools.category, tools.status, tools.is_storage, tools.allow_duplicate_id, tools.measure_a, tools.measure_b, tools.description, tools.plant_id, tools.tool_type_id, tools.storage_location_id, tools.machine_id, tools.customer_id, tools.created_at, tools.updated_at, plants_1.id AS id_1, plants_1.name, plants_1.created_at AS created_at_1, plants_1.updated_at AS updated_at_1, tool_types_1.id AS id_2, tool_types_1.name AS name_1, tool_types_1.created_at AS created_at_2, tool_types_1.updated_at AS updated_at_2 
FROM tools LEFT OUTER JOIN plants AS plants_1 ON plants_1.id = tools.plant_id LEFT OUTER JOIN tool_types AS tool_types_1 ON tool_types_1.id = tools.tool_type_id
 LIMIT ? OFFSET ?
2026-08-15 22:51:19,797 INFO sqlalchemy.engine.Engine [cached since 8930s ago] (500, 0)
2026-08-15 22:51:19,799 INFO sqlalchemy.engine.Engine ROLLBACK
INFO:     127.0.0.1:60374 - "GET /api/tools/?limit=500 HTTP/1.1" 200 OK
2026-08-15 22:51:19,805 INFO sqlalchemy.engine.Engine BEGIN (implicit)
2026-08-15 22:51:19,811 INFO sqlalchemy.engine.Engine SELECT users.id, users.personal_number, users.first_name, users.last_name, users.display_name, users.hashed_password, users.is_active, users.is_admin, users.role_id, users.created_at, users.updated_at 
FROM users 
WHERE users.personal_number = ?
2026-08-15 22:51:19,811 INFO sqlalchemy.engine.Engine [cached since 1.046e+04s ago] ('1001',)
2026-08-15 22:51:19,813 INFO sqlalchemy.engine.Engine SELECT tools.id, tools.tool_id, tools.category, tools.status, tools.is_storage, tools.allow_duplicate_id, tools.measure_a, tools.measure_b, tools.description, tools.plant_id, tools.tool_type_id, tools.storage_location_id, tools.machine_id, tools.customer_id, tools.created_at, tools.updated_at, plants_1.id AS id_1, plants_1.name, plants_1.created_at AS created_at_1, plants_1.updated_at AS updated_at_1, tool_types_1.id AS id_2, tool_types_1.name AS name_1, tool_types_1.created_at AS created_at_2, tool_types_1.updated_at AS updated_at_2 
FROM tools LEFT OUTER JOIN plants AS plants_1 ON plants_1.id = tools.plant_id LEFT OUTER JOIN tool_types AS tool_types_1 ON tool_types_1.id = tools.tool_type_id
 LIMIT ? OFFSET ?
2026-08-15 22:51:19,814 INFO sqlalchemy.engine.Engine [cached since 8930s ago] (500, 0)
2026-08-15 22:51:19,815 INFO sqlalchemy.engine.Engine ROLLBACK
INFO:     127.0.0.1:60376 - "GET /api/tools/?limit=500 HTTP/1.1" 200 OK
2026-08-15 22:51:20,830 INFO sqlalchemy.engine.Engine BEGIN (implicit)
2026-08-15 22:51:20,831 INFO sqlalchemy.engine.Engine SELECT users.id, users.personal_number, users.first_name, users.last_name, users.display_name, users.hashed_password, users.is_active, users.is_admin, users.role_id, users.created_at, users.updated_at 
FROM users 
WHERE users.personal_number = ?
2026-08-15 22:51:20,831 INFO sqlalchemy.engine.Engine [cached since 1.046e+04s ago] ('1001',)
2026-08-15 22:51:20,833 INFO sqlalchemy.engine.Engine SELECT serial_articles.id, serial_articles.article_number, serial_articles.description, serial_articles.pdf_path, serial_articles.extra_metadata, serial_articles.created_at, serial_articles.updated_at 
FROM serial_articles
 LIMIT ? OFFSET ?
2026-08-15 22:51:20,833 INFO sqlalchemy.engine.Engine [cached since 8930s ago] (100, 0)
2026-08-15 22:51:20,834 INFO sqlalchemy.engine.Engine ROLLBACK
INFO:     127.0.0.1:60378 - "GET /api/serial-articles/ HTTP/1.1" 200 OK
2026-08-15 22:51:31,774 INFO sqlalchemy.engine.Engine BEGIN (implicit)
2026-08-15 22:51:31,775 INFO sqlalchemy.engine.Engine SELECT users.id, users.personal_number, users.first_name, users.last_name, users.display_name, users.hashed_password, users.is_active, users.is_admin, users.role_id, users.created_at, users.updated_at 
FROM users 
WHERE users.personal_number = ?
2026-08-15 22:51:31,775 INFO sqlalchemy.engine.Engine [cached since 1.047e+04s ago] ('1001',)
2026-08-15 22:51:31,777 INFO sqlalchemy.engine.Engine SELECT serial_articles.id, serial_articles.article_number, serial_articles.description, serial_articles.pdf_path, serial_articles.extra_metadata, serial_articles.created_at, serial_articles.updated_at 
FROM serial_articles
 LIMIT ? OFFSET ?
2026-08-15 22:51:31,777 INFO sqlalchemy.engine.Engine [cached since 8941s ago] (100, 0)
2026-08-15 22:51:31,778 INFO sqlalchemy.engine.Engine ROLLBACK
INFO:     127.0.0.1:60396 - "GET /api/serial-articles/ HTTP/1.1" 200 OK
2026-08-15 22:51:33,085 INFO sqlalchemy.engine.Engine BEGIN (implicit)
2026-08-15 22:51:33,085 INFO sqlalchemy.engine.Engine SELECT users.id, users.personal_number, users.first_name, users.last_name, users.display_name, users.hashed_password, users.is_active, users.is_admin, users.role_id, users.created_at, users.updated_at 
FROM users 
WHERE users.personal_number = ?
2026-08-15 22:51:33,086 INFO sqlalchemy.engine.Engine [cached since 1.047e+04s ago] ('1001',)
2026-08-15 22:51:33,087 INFO sqlalchemy.engine.Engine SELECT tools.id, tools.tool_id, tools.category, tools.status, tools.is_storage, tools.allow_duplicate_id, tools.measure_a, tools.measure_b, tools.description, tools.plant_id, tools.tool_type_id, tools.storage_location_id, tools.machine_id, tools.customer_id, tools.created_at, tools.updated_at, plants_1.id AS id_1, plants_1.name, plants_1.created_at AS created_at_1, plants_1.updated_at AS updated_at_1, tool_types_1.id AS id_2, tool_types_1.name AS name_1, tool_types_1.created_at AS created_at_2, tool_types_1.updated_at AS updated_at_2 
FROM tools LEFT OUTER JOIN plants AS plants_1 ON plants_1.id = tools.plant_id LEFT OUTER JOIN tool_types AS tool_types_1 ON tool_types_1.id = tools.tool_type_id
 LIMIT ? OFFSET ?
2026-08-15 22:51:33,088 INFO sqlalchemy.engine.Engine [cached since 8944s ago] (500, 0)
2026-08-15 22:51:33,089 INFO sqlalchemy.engine.Engine ROLLBACK
INFO:     127.0.0.1:60398 - "GET /api/tools/?limit=500 HTTP/1.1" 200 OK
2026-08-15 22:51:33,094 INFO sqlalchemy.engine.Engine BEGIN (implicit)
2026-08-15 22:51:33,100 INFO sqlalchemy.engine.Engine SELECT users.id, users.personal_number, users.first_name, users.last_name, users.display_name, users.hashed_password, users.is_active, users.is_admin, users.role_id, users.created_at, users.updated_at 
FROM users 
WHERE users.personal_number = ?
2026-08-15 22:51:33,101 INFO sqlalchemy.engine.Engine [cached since 1.047e+04s ago] ('1001',)
2026-08-15 22:51:33,103 INFO sqlalchemy.engine.Engine SELECT tools.id, tools.tool_id, tools.category, tools.status, tools.is_storage, tools.allow_duplicate_id, tools.measure_a, tools.measure_b, tools.description, tools.plant_id, tools.tool_type_id, tools.storage_location_id, tools.machine_id, tools.customer_id, tools.created_at, tools.updated_at, plants_1.id AS id_1, plants_1.name, plants_1.created_at AS created_at_1, plants_1.updated_at AS updated_at_1, tool_types_1.id AS id_2, tool_types_1.name AS name_1, tool_types_1.created_at AS created_at_2, tool_types_1.updated_at AS updated_at_2 
FROM tools LEFT OUTER JOIN plants AS plants_1 ON plants_1.id = tools.plant_id LEFT OUTER JOIN tool_types AS tool_types_1 ON tool_types_1.id = tools.tool_type_id
 LIMIT ? OFFSET ?
2026-08-15 22:51:33,103 INFO sqlalchemy.engine.Engine [cached since 8944s ago] (500, 0)
2026-08-15 22:51:33,105 INFO sqlalchemy.engine.Engine ROLLBACK
INFO:     127.0.0.1:60400 - "GET /api/tools/?limit=500 HTTP/1.1" 200 OK
2026-08-15 22:51:33,109 INFO sqlalchemy.engine.Engine BEGIN (implicit)
2026-08-15 22:51:33,110 INFO sqlalchemy.engine.Engine SELECT users.id, users.personal_number, users.first_name, users.last_name, users.display_name, users.hashed_password, users.is_active, users.is_admin, users.role_id, users.created_at, users.updated_at 
FROM users 
WHERE users.personal_number = ?
2026-08-15 22:51:33,110 INFO sqlalchemy.engine.Engine [cached since 1.047e+04s ago] ('1001',)
2026-08-15 22:51:33,112 INFO sqlalchemy.engine.Engine SELECT tools.id, tools.tool_id, tools.category, tools.status, tools.is_storage, tools.allow_duplicate_id, tools.measure_a, tools.measure_b, tools.description, tools.plant_id, tools.tool_type_id, tools.storage_location_id, tools.machine_id, tools.customer_id, tools.created_at, tools.updated_at, plants_1.id AS id_1, plants_1.name, plants_1.created_at AS created_at_1, plants_1.updated_at AS updated_at_1, tool_types_1.id AS id_2, tool_types_1.name AS name_1, tool_types_1.created_at AS created_at_2, tool_types_1.updated_at AS updated_at_2 
FROM tools LEFT OUTER JOIN plants AS plants_1 ON plants_1.id = tools.plant_id LEFT OUTER JOIN tool_types AS tool_types_1 ON tool_types_1.id = tools.tool_type_id
 LIMIT ? OFFSET ?
2026-08-15 22:51:33,112 INFO sqlalchemy.engine.Engine [cached since 8944s ago] (500, 0)
2026-08-15 22:51:33,114 INFO sqlalchemy.engine.Engine ROLLBACK
INFO:     127.0.0.1:60402 - "GET /api/tools/?limit=500 HTTP/1.1" 200 OK
2026-08-15 22:51:38,287 INFO sqlalchemy.engine.Engine BEGIN (implicit)
2026-08-15 22:51:38,288 INFO sqlalchemy.engine.Engine SELECT users.id, users.personal_number, users.first_name, users.last_name, users.display_name, users.hashed_password, users.is_active, users.is_admin, users.role_id, users.created_at, users.updated_at 
FROM users 
WHERE users.personal_number = ?
2026-08-15 22:51:38,288 INFO sqlalchemy.engine.Engine [cached since 1.048e+04s ago] ('1001',)
2026-08-15 22:51:38,290 INFO sqlalchemy.engine.Engine SELECT tools.id, tools.tool_id, tools.category, tools.status, tools.is_storage, tools.allow_duplicate_id, tools.measure_a, tools.measure_b, tools.description, tools.plant_id, tools.tool_type_id, tools.storage_location_id, tools.machine_id, tools.customer_id, tools.created_at, tools.updated_at, plants_1.id AS id_1, plants_1.name, plants_1.created_at AS created_at_1, plants_1.updated_at AS updated_at_1, tool_types_1.id AS id_2, tool_types_1.name AS name_1, tool_types_1.created_at AS created_at_2, tool_types_1.updated_at AS updated_at_2 
FROM tools LEFT OUTER JOIN plants AS plants_1 ON plants_1.id = tools.plant_id LEFT OUTER JOIN tool_types AS tool_types_1 ON tool_types_1.id = tools.tool_type_id
 LIMIT ? OFFSET ?
2026-08-15 22:51:38,290 INFO sqlalchemy.engine.Engine [cached since 8949s ago] (500, 0)
2026-08-15 22:51:38,292 INFO sqlalchemy.engine.Engine ROLLBACK
INFO:     127.0.0.1:60404 - "GET /api/tools/?limit=500 HTTP/1.1" 200 OK
2026-08-15 22:52:36,592 INFO sqlalchemy.engine.Engine BEGIN (implicit)
2026-08-15 22:52:36,593 INFO sqlalchemy.engine.Engine SELECT users.id, users.personal_number, users.first_name, users.last_name, users.display_name, users.hashed_password, users.is_active, users.is_admin, users.role_id, users.created_at, users.updated_at 
FROM users 
WHERE users.personal_number = ?
2026-08-15 22:52:36,593 INFO sqlalchemy.engine.Engine [cached since 1.053e+04s ago] ('1001',)
2026-08-15 22:52:36,594 INFO sqlalchemy.engine.Engine BEGIN (implicit)
2026-08-15 22:52:36,594 INFO sqlalchemy.engine.Engine SELECT users.id, users.personal_number, users.first_name, users.last_name, users.display_name, users.hashed_password, users.is_active, users.is_admin, users.role_id, users.created_at, users.updated_at 
FROM users 
WHERE users.personal_number = ?
2026-08-15 22:52:36,595 INFO sqlalchemy.engine.Engine [cached since 1.053e+04s ago] ('1001',)
2026-08-15 22:52:36,596 INFO sqlalchemy.engine.Engine ROLLBACK
2026-08-15 22:52:36,597 INFO sqlalchemy.engine.Engine ROLLBACK
INFO:     127.0.0.1:60162 - "GET /api/auth/me HTTP/1.1" 200 OK
INFO:     127.0.0.1:60163 - "GET /api/auth/me HTTP/1.1" 200 OK
2026-08-15 22:52:36,955 INFO sqlalchemy.engine.Engine BEGIN (implicit)
2026-08-15 22:52:36,956 INFO sqlalchemy.engine.Engine SELECT users.id, users.personal_number, users.first_name, users.last_name, users.display_name, users.hashed_password, users.is_active, users.is_admin, users.role_id, users.created_at, users.updated_at 
FROM users 
WHERE users.personal_number = ?
2026-08-15 22:52:36,956 INFO sqlalchemy.engine.Engine [cached since 1.053e+04s ago] ('1001',)
2026-08-15 22:52:36,958 INFO sqlalchemy.engine.Engine SELECT serial_articles.id, serial_articles.article_number, serial_articles.description, serial_articles.pdf_path, serial_articles.extra_metadata, serial_articles.created_at, serial_articles.updated_at 
FROM serial_articles
 LIMIT ? OFFSET ?
2026-08-15 22:52:36,958 INFO sqlalchemy.engine.Engine [cached since 9006s ago] (100, 0)
2026-08-15 22:52:36,959 INFO sqlalchemy.engine.Engine ROLLBACK
INFO:     127.0.0.1:60164 - "GET /api/serial-articles/ HTTP/1.1" 200 OK
2026-08-15 22:52:38,989 INFO sqlalchemy.engine.Engine BEGIN (implicit)
2026-08-15 22:52:38,989 INFO sqlalchemy.engine.Engine SELECT users.id, users.personal_number, users.first_name, users.last_name, users.display_name, users.hashed_password, users.is_active, users.is_admin, users.role_id, users.created_at, users.updated_at 
FROM users 
WHERE users.personal_number = ?
2026-08-15 22:52:38,989 INFO sqlalchemy.engine.Engine [cached since 1.054e+04s ago] ('1001',)
2026-08-15 22:52:38,991 INFO sqlalchemy.engine.Engine SELECT tools.id, tools.tool_id, tools.category, tools.status, tools.is_storage, tools.allow_duplicate_id, tools.measure_a, tools.measure_b, tools.description, tools.plant_id, tools.tool_type_id, tools.storage_location_id, tools.machine_id, tools.customer_id, tools.created_at, tools.updated_at, plants_1.id AS id_1, plants_1.name, plants_1.created_at AS created_at_1, plants_1.updated_at AS updated_at_1, tool_types_1.id AS id_2, tool_types_1.name AS name_1, tool_types_1.created_at AS created_at_2, tool_types_1.updated_at AS updated_at_2 
FROM tools LEFT OUTER JOIN plants AS plants_1 ON plants_1.id = tools.plant_id LEFT OUTER JOIN tool_types AS tool_types_1 ON tool_types_1.id = tools.tool_type_id
 LIMIT ? OFFSET ?
2026-08-15 22:52:38,991 INFO sqlalchemy.engine.Engine [cached since 9010s ago] (500, 0)
2026-08-15 22:52:38,993 INFO sqlalchemy.engine.Engine ROLLBACK
INFO:     127.0.0.1:60165 - "GET /api/tools/?limit=500 HTTP/1.1" 200 OK
2026-08-15 22:52:38,997 INFO sqlalchemy.engine.Engine BEGIN (implicit)
2026-08-15 22:52:39,004 INFO sqlalchemy.engine.Engine SELECT users.id, users.personal_number, users.first_name, users.last_name, users.display_name, users.hashed_password, users.is_active, users.is_admin, users.role_id, users.created_at, users.updated_at 
FROM users 
WHERE users.personal_number = ?
2026-08-15 22:52:39,004 INFO sqlalchemy.engine.Engine [cached since 1.054e+04s ago] ('1001',)
2026-08-15 22:52:39,005 INFO sqlalchemy.engine.Engine SELECT tools.id, tools.tool_id, tools.category, tools.status, tools.is_storage, tools.allow_duplicate_id, tools.measure_a, tools.measure_b, tools.description, tools.plant_id, tools.tool_type_id, tools.storage_location_id, tools.machine_id, tools.customer_id, tools.created_at, tools.updated_at, plants_1.id AS id_1, plants_1.name, plants_1.created_at AS created_at_1, plants_1.updated_at AS updated_at_1, tool_types_1.id AS id_2, tool_types_1.name AS name_1, tool_types_1.created_at AS created_at_2, tool_types_1.updated_at AS updated_at_2 
FROM tools LEFT OUTER JOIN plants AS plants_1 ON plants_1.id = tools.plant_id LEFT OUTER JOIN tool_types AS tool_types_1 ON tool_types_1.id = tools.tool_type_id
 LIMIT ? OFFSET ?
2026-08-15 22:52:39,006 INFO sqlalchemy.engine.Engine [cached since 9010s ago] (500, 0)
2026-08-15 22:52:39,007 INFO sqlalchemy.engine.Engine ROLLBACK
INFO:     127.0.0.1:60166 - "GET /api/tools/?limit=500 HTTP/1.1" 200 OK
2026-08-15 22:52:40,581 INFO sqlalchemy.engine.Engine BEGIN (implicit)
2026-08-15 22:52:40,581 INFO sqlalchemy.engine.Engine SELECT users.id, users.personal_number, users.first_name, users.last_name, users.display_name, users.hashed_password, users.is_active, users.is_admin, users.role_id, users.created_at, users.updated_at 
FROM users 
WHERE users.personal_number = ?
2026-08-15 22:52:40,582 INFO sqlalchemy.engine.Engine [cached since 1.054e+04s ago] ('1001',)
2026-08-15 22:52:40,583 INFO sqlalchemy.engine.Engine SELECT storage_items.id, storage_items.storage_id, storage_items.name, storage_items.type, storage_items.article_number, storage_items.machine_id, storage_items.location_id, storage_items.description, storage_items.allow_duplicate_id, storage_items.created_at, storage_items.updated_at 
FROM storage_items ORDER BY storage_items.storage_id
 LIMIT ? OFFSET ?
2026-08-15 22:52:40,583 INFO sqlalchemy.engine.Engine [cached since 9010s ago] (500, 0)
2026-08-15 22:52:40,584 INFO sqlalchemy.engine.Engine ROLLBACK
INFO:     127.0.0.1:60167 - "GET /api/storage/?limit=500 HTTP/1.1" 500 Internal Server Error
2026-08-15 22:52:41,950 INFO sqlalchemy.engine.Engine BEGIN (implicit)
2026-08-15 22:52:41,950 INFO sqlalchemy.engine.Engine SELECT users.id, users.personal_number, users.first_name, users.last_name, users.display_name, users.hashed_password, users.is_active, users.is_admin, users.role_id, users.created_at, users.updated_at 
FROM users 
WHERE users.personal_number = ?
2026-08-15 22:52:41,950 INFO sqlalchemy.engine.Engine [cached since 1.054e+04s ago] ('1001',)
2026-08-15 22:52:41,952 INFO sqlalchemy.engine.Engine SELECT serial_articles.id, serial_articles.article_number, serial_articles.description, serial_articles.pdf_path, serial_articles.extra_metadata, serial_articles.created_at, serial_articles.updated_at 
FROM serial_articles
 LIMIT ? OFFSET ?
2026-08-15 22:52:41,952 INFO sqlalchemy.engine.Engine [cached since 9011s ago] (100, 0)
2026-08-15 22:52:41,953 INFO sqlalchemy.engine.Engine ROLLBACK
INFO:     127.0.0.1:60172 - "GET /api/serial-articles/ HTTP/1.1" 200 OK
2026-08-15 22:52:43,760 INFO sqlalchemy.engine.Engine BEGIN (implicit)
2026-08-15 22:52:43,761 INFO sqlalchemy.engine.Engine SELECT users.id, users.personal_number, users.first_name, users.last_name, users.display_name, users.hashed_password, users.is_active, users.is_admin, users.role_id, users.created_at, users.updated_at 
FROM users 
WHERE users.personal_number = ?
2026-08-15 22:52:43,761 INFO sqlalchemy.engine.Engine [cached since 1.054e+04s ago] ('1001',)
2026-08-15 22:52:43,762 INFO sqlalchemy.engine.Engine SELECT tools.id, tools.tool_id, tools.category, tools.status, tools.is_storage, tools.allow_duplicate_id, tools.measure_a, tools.measure_b, tools.description, tools.plant_id, tools.tool_type_id, tools.storage_location_id, tools.machine_id, tools.customer_id, tools.created_at, tools.updated_at, plants_1.id AS id_1, plants_1.name, plants_1.created_at AS created_at_1, plants_1.updated_at AS updated_at_1, tool_types_1.id AS id_2, tool_types_1.name AS name_1, tool_types_1.created_at AS created_at_2, tool_types_1.updated_at AS updated_at_2 
FROM tools LEFT OUTER JOIN plants AS plants_1 ON plants_1.id = tools.plant_id LEFT OUTER JOIN tool_types AS tool_types_1 ON tool_types_1.id = tools.tool_type_id
 LIMIT ? OFFSET ?
2026-08-15 22:52:43,763 INFO sqlalchemy.engine.Engine [cached since 9014s ago] (500, 0)
2026-08-15 22:52:43,764 INFO sqlalchemy.engine.Engine ROLLBACK
INFO:     127.0.0.1:60174 - "GET /api/tools/?limit=500 HTTP/1.1" 200 OK
2026-08-15 22:52:43,768 INFO sqlalchemy.engine.Engine BEGIN (implicit)
2026-08-15 22:52:43,775 INFO sqlalchemy.engine.Engine SELECT users.id, users.personal_number, users.first_name, users.last_name, users.display_name, users.hashed_password, users.is_active, users.is_admin, users.role_id, users.created_at, users.updated_at 
FROM users 
WHERE users.personal_number = ?
2026-08-15 22:52:43,775 INFO sqlalchemy.engine.Engine [cached since 1.054e+04s ago] ('1001',)
2026-08-15 22:52:43,776 INFO sqlalchemy.engine.Engine SELECT tools.id, tools.tool_id, tools.category, tools.status, tools.is_storage, tools.allow_duplicate_id, tools.measure_a, tools.measure_b, tools.description, tools.plant_id, tools.tool_type_id, tools.storage_location_id, tools.machine_id, tools.customer_id, tools.created_at, tools.updated_at, plants_1.id AS id_1, plants_1.name, plants_1.created_at AS created_at_1, plants_1.updated_at AS updated_at_1, tool_types_1.id AS id_2, tool_types_1.name AS name_1, tool_types_1.created_at AS created_at_2, tool_types_1.updated_at AS updated_at_2 
FROM tools LEFT OUTER JOIN plants AS plants_1 ON plants_1.id = tools.plant_id LEFT OUTER JOIN tool_types AS tool_types_1 ON tool_types_1.id = tools.tool_type_id
 LIMIT ? OFFSET ?
2026-08-15 22:52:43,777 INFO sqlalchemy.engine.Engine [cached since 9014s ago] (500, 0)
2026-08-15 22:52:43,778 INFO sqlalchemy.engine.Engine ROLLBACK
INFO:     127.0.0.1:60176 - "GET /api/tools/?limit=500 HTTP/1.1" 200 OK
2026-08-15 22:52:44,942 INFO sqlalchemy.engine.Engine BEGIN (implicit)
2026-08-15 22:52:44,943 INFO sqlalchemy.engine.Engine SELECT users.id, users.personal_number, users.first_name, users.last_name, users.display_name, users.hashed_password, users.is_active, users.is_admin, users.role_id, users.created_at, users.updated_at 
FROM users 
WHERE users.personal_number = ?
2026-08-15 22:52:44,943 INFO sqlalchemy.engine.Engine [cached since 1.054e+04s ago] ('1001',)
2026-08-15 22:52:44,945 INFO sqlalchemy.engine.Engine SELECT storage_items.id, storage_items.storage_id, storage_items.name, storage_items.type, storage_items.article_number, storage_items.machine_id, storage_items.location_id, storage_items.description, storage_items.allow_duplicate_id, storage_items.created_at, storage_items.updated_at 
FROM storage_items ORDER BY storage_items.storage_id
 LIMIT ? OFFSET ?
2026-08-15 22:52:44,945 INFO sqlalchemy.engine.Engine [cached since 9014s ago] (500, 0)
2026-08-15 22:52:44,946 INFO sqlalchemy.engine.Engine ROLLBACK
INFO:     127.0.0.1:60178 - "GET /api/storage/?limit=500 HTTP/1.1" 500 Internal Server Error
2026-08-15 22:52:46,227 INFO sqlalchemy.engine.Engine BEGIN (implicit)
2026-08-15 22:52:46,228 INFO sqlalchemy.engine.Engine SELECT users.id, users.personal_number, users.first_name, users.last_name, users.display_name, users.hashed_password, users.is_active, users.is_admin, users.role_id, users.created_at, users.updated_at 
FROM users 
WHERE users.personal_number = ?
2026-08-15 22:52:46,228 INFO sqlalchemy.engine.Engine [cached since 1.054e+04s ago] ('1001',)
2026-08-15 22:52:46,229 INFO sqlalchemy.engine.Engine SELECT storage_items.id, storage_items.storage_id, storage_items.name, storage_items.type, storage_items.article_number, storage_items.machine_id, storage_items.location_id, storage_items.description, storage_items.allow_duplicate_id, storage_items.created_at, storage_items.updated_at 
FROM storage_items ORDER BY storage_items.storage_id
 LIMIT ? OFFSET ?
2026-08-15 22:52:46,230 INFO sqlalchemy.engine.Engine [cached since 9015s ago] (500, 0)
2026-08-15 22:52:46,230 INFO sqlalchemy.engine.Engine ROLLBACK
INFO:     127.0.0.1:60180 - "GET /api/storage/?limit=500 HTTP/1.1" 500 Internal Server Error
2026-08-15 22:52:46,251 INFO sqlalchemy.engine.Engine BEGIN (implicit)
2026-08-15 22:52:46,251 INFO sqlalchemy.engine.Engine SELECT users.id, users.personal_number, users.first_name, users.last_name, users.display_name, users.hashed_password, users.is_active, users.is_admin, users.role_id, users.created_at, users.updated_at 
FROM users 
WHERE users.personal_number = ?
2026-08-15 22:52:46,252 INFO sqlalchemy.engine.Engine [cached since 1.054e+04s ago] ('1001',)
2026-08-15 22:52:46,253 INFO sqlalchemy.engine.Engine SELECT tools.id, tools.tool_id, tools.category, tools.status, tools.is_storage, tools.allow_duplicate_id, tools.measure_a, tools.measure_b, tools.description, tools.plant_id, tools.tool_type_id, tools.storage_location_id, tools.machine_id, tools.customer_id, tools.created_at, tools.updated_at, plants_1.id AS id_1, plants_1.name, plants_1.created_at AS created_at_1, plants_1.updated_at AS updated_at_1, tool_types_1.id AS id_2, tool_types_1.name AS name_1, tool_types_1.created_at AS created_at_2, tool_types_1.updated_at AS updated_at_2 
FROM tools LEFT OUTER JOIN plants AS plants_1 ON plants_1.id = tools.plant_id LEFT OUTER JOIN tool_types AS tool_types_1 ON tool_types_1.id = tools.tool_type_id
 LIMIT ? OFFSET ?
2026-08-15 22:52:46,253 INFO sqlalchemy.engine.Engine [cached since 9017s ago] (500, 0)
2026-08-15 22:52:46,255 INFO sqlalchemy.engine.Engine ROLLBACK
INFO:     127.0.0.1:60182 - "GET /api/tools/?limit=500 HTTP/1.1" 200 OK
2026-08-15 22:52:46,259 INFO sqlalchemy.engine.Engine BEGIN (implicit)
2026-08-15 22:52:46,260 INFO sqlalchemy.engine.Engine SELECT users.id, users.personal_number, users.first_name, users.last_name, users.display_name, users.hashed_password, users.is_active, users.is_admin, users.role_id, users.created_at, users.updated_at 
FROM users 
WHERE users.personal_number = ?
2026-08-15 22:52:46,260 INFO sqlalchemy.engine.Engine [cached since 1.054e+04s ago] ('1001',)
2026-08-15 22:52:46,261 INFO sqlalchemy.engine.Engine SELECT tools.id, tools.tool_id, tools.category, tools.status, tools.is_storage, tools.allow_duplicate_id, tools.measure_a, tools.measure_b, tools.description, tools.plant_id, tools.tool_type_id, tools.storage_location_id, tools.machine_id, tools.customer_id, tools.created_at, tools.updated_at, plants_1.id AS id_1, plants_1.name, plants_1.created_at AS created_at_1, plants_1.updated_at AS updated_at_1, tool_types_1.id AS id_2, tool_types_1.name AS name_1, tool_types_1.created_at AS created_at_2, tool_types_1.updated_at AS updated_at_2 
FROM tools LEFT OUTER JOIN plants AS plants_1 ON plants_1.id = tools.plant_id LEFT OUTER JOIN tool_types AS tool_types_1 ON tool_types_1.id = tools.tool_type_id
 LIMIT ? OFFSET ?
2026-08-15 22:52:46,261 INFO sqlalchemy.engine.Engine [cached since 9017s ago] (500, 0)
2026-08-15 22:52:46,263 INFO sqlalchemy.engine.Engine ROLLBACK
INFO:     127.0.0.1:60184 - "GET /api/tools/?limit=500 HTTP/1.1" 200 OK
2026-08-15 22:52:46,989 INFO sqlalchemy.engine.Engine BEGIN (implicit)
2026-08-15 22:52:46,990 INFO sqlalchemy.engine.Engine SELECT users.id, users.personal_number, users.first_name, users.last_name, users.display_name, users.hashed_password, users.is_active, users.is_admin, users.role_id, users.created_at, users.updated_at 
FROM users 
WHERE users.personal_number = ?
2026-08-15 22:52:46,990 INFO sqlalchemy.engine.Engine [cached since 1.054e+04s ago] ('1001',)
2026-08-15 22:52:46,991 INFO sqlalchemy.engine.Engine SELECT serial_articles.id, serial_articles.article_number, serial_articles.description, serial_articles.pdf_path, serial_articles.extra_metadata, serial_articles.created_at, serial_articles.updated_at 
FROM serial_articles
 LIMIT ? OFFSET ?
2026-08-15 22:52:46,992 INFO sqlalchemy.engine.Engine [cached since 9016s ago] (100, 0)
2026-08-15 22:52:46,992 INFO sqlalchemy.engine.Engine ROLLBACK
INFO:     127.0.0.1:60186 - "GET /api/serial-articles/ HTTP/1.1" 200 OK
2026-08-15 22:52:47,734 INFO sqlalchemy.engine.Engine BEGIN (implicit)
2026-08-15 22:52:47,734 INFO sqlalchemy.engine.Engine SELECT users.id, users.personal_number, users.first_name, users.last_name, users.display_name, users.hashed_password, users.is_active, users.is_admin, users.role_id, users.created_at, users.updated_at 
FROM users 
WHERE users.personal_number = ?
2026-08-15 22:52:47,735 INFO sqlalchemy.engine.Engine [cached since 1.054e+04s ago] ('1001',)
2026-08-15 22:52:47,736 INFO sqlalchemy.engine.Engine SELECT storage_items.id, storage_items.storage_id, storage_items.name, storage_items.type, storage_items.article_number, storage_items.machine_id, storage_items.location_id, storage_items.description, storage_items.allow_duplicate_id, storage_items.created_at, storage_items.updated_at 
FROM storage_items ORDER BY storage_items.storage_id
 LIMIT ? OFFSET ?
2026-08-15 22:52:47,737 INFO sqlalchemy.engine.Engine [cached since 9017s ago] (500, 0)
2026-08-15 22:52:47,737 INFO sqlalchemy.engine.Engine ROLLBACK
INFO:     127.0.0.1:60188 - "GET /api/storage/?limit=500 HTTP/1.1" 500 Internal Server Error
2026-08-15 22:52:50,490 INFO sqlalchemy.engine.Engine BEGIN (implicit)
2026-08-15 22:52:50,490 INFO sqlalchemy.engine.Engine SELECT users.id, users.personal_number, users.first_name, users.last_name, users.display_name, users.hashed_password, users.is_active, users.is_admin, users.role_id, users.created_at, users.updated_at 
FROM users 
WHERE users.personal_number = ?
2026-08-15 22:52:50,490 INFO sqlalchemy.engine.Engine [cached since 1.055e+04s ago] ('1001',)
2026-08-15 22:52:50,492 INFO sqlalchemy.engine.Engine SELECT storage_items.id, storage_items.storage_id, storage_items.name, storage_items.type, storage_items.article_number, storage_items.machine_id, storage_items.location_id, storage_items.description, storage_items.allow_duplicate_id, storage_items.created_at, storage_items.updated_at 
FROM storage_items ORDER BY storage_items.storage_id
 LIMIT ? OFFSET ?
2026-08-15 22:52:50,492 INFO sqlalchemy.engine.Engine [cached since 9020s ago] (500, 0)
2026-08-15 22:52:50,493 INFO sqlalchemy.engine.Engine ROLLBACK
INFO:     127.0.0.1:60194 - "GET /api/storage/?limit=500 HTTP/1.1" 500 Internal Server Error
2026-08-15 22:52:50,950 INFO sqlalchemy.engine.Engine BEGIN (implicit)
2026-08-15 22:52:50,951 INFO sqlalchemy.engine.Engine SELECT users.id, users.personal_number, users.first_name, users.last_name, users.display_name, users.hashed_password, users.is_active, users.is_admin, users.role_id, users.created_at, users.updated_at 
FROM users 
WHERE users.personal_number = ?
2026-08-15 22:52:50,951 INFO sqlalchemy.engine.Engine [cached since 1.055e+04s ago] ('1001',)
2026-08-15 22:52:50,953 INFO sqlalchemy.engine.Engine SELECT tools.id, tools.tool_id, tools.category, tools.status, tools.is_storage, tools.allow_duplicate_id, tools.measure_a, tools.measure_b, tools.description, tools.plant_id, tools.tool_type_id, tools.storage_location_id, tools.machine_id, tools.customer_id, tools.created_at, tools.updated_at, plants_1.id AS id_1, plants_1.name, plants_1.created_at AS created_at_1, plants_1.updated_at AS updated_at_1, tool_types_1.id AS id_2, tool_types_1.name AS name_1, tool_types_1.created_at AS created_at_2, tool_types_1.updated_at AS updated_at_2 
FROM tools LEFT OUTER JOIN plants AS plants_1 ON plants_1.id = tools.plant_id LEFT OUTER JOIN tool_types AS tool_types_1 ON tool_types_1.id = tools.tool_type_id
 LIMIT ? OFFSET ?
2026-08-15 22:52:50,953 INFO sqlalchemy.engine.Engine [cached since 9022s ago] (500, 0)
2026-08-15 22:52:50,955 INFO sqlalchemy.engine.Engine ROLLBACK
INFO:     127.0.0.1:60196 - "GET /api/tools/?limit=500 HTTP/1.1" 200 OK
2026-08-15 22:52:50,959 INFO sqlalchemy.engine.Engine BEGIN (implicit)
2026-08-15 22:52:50,962 INFO sqlalchemy.engine.Engine SELECT users.id, users.personal_number, users.first_name, users.last_name, users.display_name, users.hashed_password, users.is_active, users.is_admin, users.role_id, users.created_at, users.updated_at 
FROM users 
WHERE users.personal_number = ?
2026-08-15 22:52:50,962 INFO sqlalchemy.engine.Engine [cached since 1.055e+04s ago] ('1001',)
2026-08-15 22:52:50,963 INFO sqlalchemy.engine.Engine SELECT tools.id, tools.tool_id, tools.category, tools.status, tools.is_storage, tools.allow_duplicate_id, tools.measure_a, tools.measure_b, tools.description, tools.plant_id, tools.tool_type_id, tools.storage_location_id, tools.machine_id, tools.customer_id, tools.created_at, tools.updated_at, plants_1.id AS id_1, plants_1.name, plants_1.created_at AS created_at_1, plants_1.updated_at AS updated_at_1, tool_types_1.id AS id_2, tool_types_1.name AS name_1, tool_types_1.created_at AS created_at_2, tool_types_1.updated_at AS updated_at_2 
FROM tools LEFT OUTER JOIN plants AS plants_1 ON plants_1.id = tools.plant_id LEFT OUTER JOIN tool_types AS tool_types_1 ON tool_types_1.id = tools.tool_type_id
 LIMIT ? OFFSET ?
2026-08-15 22:52:50,964 INFO sqlalchemy.engine.Engine [cached since 9022s ago] (500, 0)
2026-08-15 22:52:50,965 INFO sqlalchemy.engine.Engine ROLLBACK
INFO:     127.0.0.1:60198 - "GET /api/tools/?limit=500 HTTP/1.1" 200 OK
2026-08-15 22:52:51,776 INFO sqlalchemy.engine.Engine BEGIN (implicit)
2026-08-15 22:52:51,776 INFO sqlalchemy.engine.Engine SELECT users.id, users.personal_number, users.first_name, users.last_name, users.display_name, users.hashed_password, users.is_active, users.is_admin, users.role_id, users.created_at, users.updated_at 
FROM users 
WHERE users.personal_number = ?
2026-08-15 22:52:51,777 INFO sqlalchemy.engine.Engine [cached since 1.055e+04s ago] ('1001',)
2026-08-15 22:52:51,779 INFO sqlalchemy.engine.Engine SELECT serial_articles.id, serial_articles.article_number, serial_articles.description, serial_articles.pdf_path, serial_articles.extra_metadata, serial_articles.created_at, serial_articles.updated_at 
FROM serial_articles
 LIMIT ? OFFSET ?
2026-08-15 22:52:51,779 INFO sqlalchemy.engine.Engine [cached since 9021s ago] (100, 0)
2026-08-15 22:52:51,780 INFO sqlalchemy.engine.Engine ROLLBACK
INFO:     127.0.0.1:60213 - "GET /api/serial-articles/ HTTP/1.1" 200 OK
INFO:     127.0.0.1:61659 - "GET /api/auth/me HTTP/1.1" 401 Unauthorized
INFO:     127.0.0.1:61660 - "GET /api/auth/me HTTP/1.1" 401 Unauthorized
INFO:     127.0.0.1:50823 - "GET / HTTP/1.1" 200 OK
INFO:     127.0.0.1:50829 - "GET /docs HTTP/1.1" 200 OK
INFO:     127.0.0.1:50829 - "GET /openapi.json HTTP/1.1" 200 OK
2026-08-16 00:54:37,099 INFO sqlalchemy.engine.Engine BEGIN (implicit)
2026-08-16 00:54:37,101 INFO sqlalchemy.engine.Engine SELECT users.id, users.personal_number, users.first_name, users.last_name, users.display_name, users.hashed_password, users.is_active, users.is_admin, users.role_id, users.created_at, users.updated_at 
FROM users 
WHERE users.personal_number = ?
2026-08-16 00:54:37,101 INFO sqlalchemy.engine.Engine [cached since 1.785e+04s ago] ('admin1',)
2026-08-16 00:54:37,352 INFO sqlalchemy.engine.Engine ROLLBACK
INFO:     127.0.0.1:50836 - "POST /api/auth/admin/login HTTP/1.1" 200 OK
2026-08-16 00:54:37,744 INFO sqlalchemy.engine.Engine BEGIN (implicit)
2026-08-16 00:54:37,745 INFO sqlalchemy.engine.Engine SELECT users.id, users.personal_number, users.first_name, users.last_name, users.display_name, users.hashed_password, users.is_active, users.is_admin, users.role_id, users.created_at, users.updated_at 
FROM users 
WHERE users.personal_number = ?
2026-08-16 00:54:37,745 INFO sqlalchemy.engine.Engine [cached since 1.785e+04s ago] ('admin1',)
2026-08-16 00:54:37,748 INFO sqlalchemy.engine.Engine SELECT serial_articles.id, serial_articles.article_number, serial_articles.description, serial_articles.pdf_path, serial_articles.extra_metadata, serial_articles.created_at, serial_articles.updated_at 
FROM serial_articles
 LIMIT ? OFFSET ?
2026-08-16 00:54:37,748 INFO sqlalchemy.engine.Engine [cached since 1.633e+04s ago] (100, 0)
2026-08-16 00:54:37,750 INFO sqlalchemy.engine.Engine ROLLBACK
INFO:     127.0.0.1:50838 - "GET /api/serial-articles/ HTTP/1.1" 200 OK
2026-08-16 00:54:40,245 INFO sqlalchemy.engine.Engine BEGIN (implicit)
2026-08-16 00:54:40,246 INFO sqlalchemy.engine.Engine SELECT users.id, users.personal_number, users.first_name, users.last_name, users.display_name, users.hashed_password, users.is_active, users.is_admin, users.role_id, users.created_at, users.updated_at 
FROM users 
WHERE users.personal_number = ?
2026-08-16 00:54:40,246 INFO sqlalchemy.engine.Engine [cached since 1.786e+04s ago] ('admin1',)
2026-08-16 00:54:40,249 INFO sqlalchemy.engine.Engine SELECT tools.id, tools.tool_id, tools.category, tools.status, tools.is_storage, tools.allow_duplicate_id, tools.measure_a, tools.measure_b, tools.description, tools.plant_id, tools.tool_type_id, tools.storage_location_id, tools.machine_id, tools.customer_id, tools.created_at, tools.updated_at, plants_1.id AS id_1, plants_1.name, plants_1.created_at AS created_at_1, plants_1.updated_at AS updated_at_1, tool_types_1.id AS id_2, tool_types_1.name AS name_1, tool_types_1.created_at AS created_at_2, tool_types_1.updated_at AS updated_at_2 
FROM tools LEFT OUTER JOIN plants AS plants_1 ON plants_1.id = tools.plant_id LEFT OUTER JOIN tool_types AS tool_types_1 ON tool_types_1.id = tools.tool_type_id
 LIMIT ? OFFSET ?
2026-08-16 00:54:40,249 INFO sqlalchemy.engine.Engine [cached since 1.633e+04s ago] (500, 0)
2026-08-16 00:54:40,252 INFO sqlalchemy.engine.Engine ROLLBACK
INFO:     127.0.0.1:50846 - "GET /api/tools/?limit=500 HTTP/1.1" 200 OK
2026-08-16 00:54:40,258 INFO sqlalchemy.engine.Engine BEGIN (implicit)
2026-08-16 00:54:40,259 INFO sqlalchemy.engine.Engine SELECT users.id, users.personal_number, users.first_name, users.last_name, users.display_name, users.hashed_password, users.is_active, users.is_admin, users.role_id, users.created_at, users.updated_at 
FROM users 
WHERE users.personal_number = ?
2026-08-16 00:54:40,259 INFO sqlalchemy.engine.Engine [cached since 1.786e+04s ago] ('admin1',)
2026-08-16 00:54:40,261 INFO sqlalchemy.engine.Engine SELECT tools.id, tools.tool_id, tools.category, tools.status, tools.is_storage, tools.allow_duplicate_id, tools.measure_a, tools.measure_b, tools.description, tools.plant_id, tools.tool_type_id, tools.storage_location_id, tools.machine_id, tools.customer_id, tools.created_at, tools.updated_at, plants_1.id AS id_1, plants_1.name, plants_1.created_at AS created_at_1, plants_1.updated_at AS updated_at_1, tool_types_1.id AS id_2, tool_types_1.name AS name_1, tool_types_1.created_at AS created_at_2, tool_types_1.updated_at AS updated_at_2 
FROM tools LEFT OUTER JOIN plants AS plants_1 ON plants_1.id = tools.plant_id LEFT OUTER JOIN tool_types AS tool_types_1 ON tool_types_1.id = tools.tool_type_id
 LIMIT ? OFFSET ?
2026-08-16 00:54:40,262 INFO sqlalchemy.engine.Engine [cached since 1.633e+04s ago] (500, 0)
2026-08-16 00:54:40,263 INFO sqlalchemy.engine.Engine ROLLBACK
INFO:     127.0.0.1:50848 - "GET /api/tools/?limit=500 HTTP/1.1" 200 OK
2026-08-16 00:54:43,610 INFO sqlalchemy.engine.Engine BEGIN (implicit)
2026-08-16 00:54:43,611 INFO sqlalchemy.engine.Engine SELECT users.id, users.personal_number, users.first_name, users.last_name, users.display_name, users.hashed_password, users.is_active, users.is_admin, users.role_id, users.created_at, users.updated_at 
FROM users 
WHERE users.personal_number = ?
2026-08-16 00:54:43,611 INFO sqlalchemy.engine.Engine [cached since 1.786e+04s ago] ('admin1',)
2026-08-16 00:54:43,614 INFO sqlalchemy.engine.Engine SELECT storage_items.id, storage_items.storage_id, storage_items.name, storage_items.type, storage_items.article_number, storage_items.machine_id, storage_items.location_id, storage_items.description, storage_items.allow_duplicate_id, storage_items.created_at, storage_items.updated_at 
FROM storage_items ORDER BY storage_items.storage_id
 LIMIT ? OFFSET ?
2026-08-16 00:54:43,614 INFO sqlalchemy.engine.Engine [cached since 1.633e+04s ago] (500, 0)
2026-08-16 00:54:43,615 INFO sqlalchemy.engine.Engine ROLLBACK
INFO:     127.0.0.1:50850 - "GET /api/storage/?limit=500 HTTP/1.1" 500 Internal Server Error
2026-08-16 00:54:45,418 INFO sqlalchemy.engine.Engine BEGIN (implicit)
2026-08-16 00:54:45,419 INFO sqlalchemy.engine.Engine SELECT users.id, users.personal_number, users.first_name, users.last_name, users.display_name, users.hashed_password, users.is_active, users.is_admin, users.role_id, users.created_at, users.updated_at 
FROM users 
WHERE users.personal_number = ?
2026-08-16 00:54:45,419 INFO sqlalchemy.engine.Engine [cached since 1.786e+04s ago] ('admin1',)
2026-08-16 00:54:45,422 INFO sqlalchemy.engine.Engine SELECT storage_items.id, storage_items.storage_id, storage_items.name, storage_items.type, storage_items.article_number, storage_items.machine_id, storage_items.location_id, storage_items.description, storage_items.allow_duplicate_id, storage_items.created_at, storage_items.updated_at 
FROM storage_items ORDER BY storage_items.storage_id
 LIMIT ? OFFSET ?
2026-08-16 00:54:45,422 INFO sqlalchemy.engine.Engine [cached since 1.633e+04s ago] (500, 0)
2026-08-16 00:54:45,423 INFO sqlalchemy.engine.Engine ROLLBACK
INFO:     127.0.0.1:50852 - "GET /api/storage/?limit=500 HTTP/1.1" 500 Internal Server Error
2026-08-16 00:54:45,537 INFO sqlalchemy.engine.Engine BEGIN (implicit)
2026-08-16 00:54:45,538 INFO sqlalchemy.engine.Engine SELECT users.id, users.personal_number, users.first_name, users.last_name, users.display_name, users.hashed_password, users.is_active, users.is_admin, users.role_id, users.created_at, users.updated_at 
FROM users 
WHERE users.personal_number = ?
2026-08-16 00:54:45,538 INFO sqlalchemy.engine.Engine [cached since 1.786e+04s ago] ('admin1',)
2026-08-16 00:54:45,540 INFO sqlalchemy.engine.Engine SELECT tools.id, tools.tool_id, tools.category, tools.status, tools.is_storage, tools.allow_duplicate_id, tools.measure_a, tools.measure_b, tools.description, tools.plant_id, tools.tool_type_id, tools.storage_location_id, tools.machine_id, tools.customer_id, tools.created_at, tools.updated_at, plants_1.id AS id_1, plants_1.name, plants_1.created_at AS created_at_1, plants_1.updated_at AS updated_at_1, tool_types_1.id AS id_2, tool_types_1.name AS name_1, tool_types_1.created_at AS created_at_2, tool_types_1.updated_at AS updated_at_2 
FROM tools LEFT OUTER JOIN plants AS plants_1 ON plants_1.id = tools.plant_id LEFT OUTER JOIN tool_types AS tool_types_1 ON tool_types_1.id = tools.tool_type_id
 LIMIT ? OFFSET ?
2026-08-16 00:54:45,540 INFO sqlalchemy.engine.Engine [cached since 1.634e+04s ago] (500, 0)
2026-08-16 00:54:45,542 INFO sqlalchemy.engine.Engine ROLLBACK
INFO:     127.0.0.1:50854 - "GET /api/tools/?limit=500 HTTP/1.1" 200 OK
2026-08-16 00:54:45,548 INFO sqlalchemy.engine.Engine BEGIN (implicit)
2026-08-16 00:54:45,549 INFO sqlalchemy.engine.Engine SELECT users.id, users.personal_number, users.first_name, users.last_name, users.display_name, users.hashed_password, users.is_active, users.is_admin, users.role_id, users.created_at, users.updated_at 
FROM users 
WHERE users.personal_number = ?
2026-08-16 00:54:45,549 INFO sqlalchemy.engine.Engine [cached since 1.786e+04s ago] ('admin1',)
2026-08-16 00:54:45,551 INFO sqlalchemy.engine.Engine SELECT tools.id, tools.tool_id, tools.category, tools.status, tools.is_storage, tools.allow_duplicate_id, tools.measure_a, tools.measure_b, tools.description, tools.plant_id, tools.tool_type_id, tools.storage_location_id, tools.machine_id, tools.customer_id, tools.created_at, tools.updated_at, plants_1.id AS id_1, plants_1.name, plants_1.created_at AS created_at_1, plants_1.updated_at AS updated_at_1, tool_types_1.id AS id_2, tool_types_1.name AS name_1, tool_types_1.created_at AS created_at_2, tool_types_1.updated_at AS updated_at_2 
FROM tools LEFT OUTER JOIN plants AS plants_1 ON plants_1.id = tools.plant_id LEFT OUTER JOIN tool_types AS tool_types_1 ON tool_types_1.id = tools.tool_type_id
 LIMIT ? OFFSET ?
2026-08-16 00:54:45,551 INFO sqlalchemy.engine.Engine [cached since 1.634e+04s ago] (500, 0)
2026-08-16 00:54:45,553 INFO sqlalchemy.engine.Engine ROLLBACK
INFO:     127.0.0.1:50856 - "GET /api/tools/?limit=500 HTTP/1.1" 200 OK
2026-08-16 00:54:46,313 INFO sqlalchemy.engine.Engine BEGIN (implicit)
2026-08-16 00:54:46,314 INFO sqlalchemy.engine.Engine SELECT users.id, users.personal_number, users.first_name, users.last_name, users.display_name, users.hashed_password, users.is_active, users.is_admin, users.role_id, users.created_at, users.updated_at 
FROM users 
WHERE users.personal_number = ?
2026-08-16 00:54:46,314 INFO sqlalchemy.engine.Engine [cached since 1.786e+04s ago] ('admin1',)
2026-08-16 00:54:46,316 INFO sqlalchemy.engine.Engine SELECT serial_articles.id, serial_articles.article_number, serial_articles.description, serial_articles.pdf_path, serial_articles.extra_metadata, serial_articles.created_at, serial_articles.updated_at 
FROM serial_articles
 LIMIT ? OFFSET ?
2026-08-16 00:54:46,317 INFO sqlalchemy.engine.Engine [cached since 1.634e+04s ago] (100, 0)
2026-08-16 00:54:46,318 INFO sqlalchemy.engine.Engine ROLLBACK
INFO:     127.0.0.1:50858 - "GET /api/serial-articles/ HTTP/1.1" 200 OK
2026-08-16 00:54:47,786 INFO sqlalchemy.engine.Engine BEGIN (implicit)
2026-08-16 00:54:47,787 INFO sqlalchemy.engine.Engine SELECT users.id, users.personal_number, users.first_name, users.last_name, users.display_name, users.hashed_password, users.is_active, users.is_admin, users.role_id, users.created_at, users.updated_at 
FROM users 
WHERE users.personal_number = ?
2026-08-16 00:54:47,788 INFO sqlalchemy.engine.Engine [cached since 1.786e+04s ago] ('admin1',)
2026-08-16 00:54:47,789 INFO sqlalchemy.engine.Engine SELECT storage_items.id, storage_items.storage_id, storage_items.name, storage_items.type, storage_items.article_number, storage_items.machine_id, storage_items.location_id, storage_items.description, storage_items.allow_duplicate_id, storage_items.created_at, storage_items.updated_at 
FROM storage_items ORDER BY storage_items.storage_id
 LIMIT ? OFFSET ?
2026-08-16 00:54:47,790 INFO sqlalchemy.engine.Engine [cached since 1.634e+04s ago] (500, 0)
2026-08-16 00:54:47,790 INFO sqlalchemy.engine.Engine ROLLBACK
INFO:     127.0.0.1:50860 - "GET /api/storage/?limit=500 HTTP/1.1" 500 Internal Server Error
2026-08-16 00:54:47,863 INFO sqlalchemy.engine.Engine BEGIN (implicit)
2026-08-16 00:54:47,863 INFO sqlalchemy.engine.Engine SELECT users.id, users.personal_number, users.first_name, users.last_name, users.display_name, users.hashed_password, users.is_active, users.is_admin, users.role_id, users.created_at, users.updated_at 
FROM users 
WHERE users.personal_number = ?
2026-08-16 00:54:47,864 INFO sqlalchemy.engine.Engine [cached since 1.787e+04s ago] ('admin1',)
2026-08-16 00:54:47,866 INFO sqlalchemy.engine.Engine SELECT tools.id, tools.tool_id, tools.category, tools.status, tools.is_storage, tools.allow_duplicate_id, tools.measure_a, tools.measure_b, tools.description, tools.plant_id, tools.tool_type_id, tools.storage_location_id, tools.machine_id, tools.customer_id, tools.created_at, tools.updated_at, plants_1.id AS id_1, plants_1.name, plants_1.created_at AS created_at_1, plants_1.updated_at AS updated_at_1, tool_types_1.id AS id_2, tool_types_1.name AS name_1, tool_types_1.created_at AS created_at_2, tool_types_1.updated_at AS updated_at_2 
FROM tools LEFT OUTER JOIN plants AS plants_1 ON plants_1.id = tools.plant_id LEFT OUTER JOIN tool_types AS tool_types_1 ON tool_types_1.id = tools.tool_type_id
 LIMIT ? OFFSET ?
2026-08-16 00:54:47,866 INFO sqlalchemy.engine.Engine [cached since 1.634e+04s ago] (500, 0)
2026-08-16 00:54:47,868 INFO sqlalchemy.engine.Engine ROLLBACK
INFO:     127.0.0.1:50862 - "GET /api/tools/?limit=500 HTTP/1.1" 200 OK
2026-08-16 00:54:47,874 INFO sqlalchemy.engine.Engine BEGIN (implicit)
2026-08-16 00:54:47,874 INFO sqlalchemy.engine.Engine SELECT users.id, users.personal_number, users.first_name, users.last_name, users.display_name, users.hashed_password, users.is_active, users.is_admin, users.role_id, users.created_at, users.updated_at 
FROM users 
WHERE users.personal_number = ?
2026-08-16 00:54:47,875 INFO sqlalchemy.engine.Engine [cached since 1.787e+04s ago] ('admin1',)
2026-08-16 00:54:47,876 INFO sqlalchemy.engine.Engine SELECT tools.id, tools.tool_id, tools.category, tools.status, tools.is_storage, tools.allow_duplicate_id, tools.measure_a, tools.measure_b, tools.description, tools.plant_id, tools.tool_type_id, tools.storage_location_id, tools.machine_id, tools.customer_id, tools.created_at, tools.updated_at, plants_1.id AS id_1, plants_1.name, plants_1.created_at AS created_at_1, plants_1.updated_at AS updated_at_1, tool_types_1.id AS id_2, tool_types_1.name AS name_1, tool_types_1.created_at AS created_at_2, tool_types_1.updated_at AS updated_at_2 
FROM tools LEFT OUTER JOIN plants AS plants_1 ON plants_1.id = tools.plant_id LEFT OUTER JOIN tool_types AS tool_types_1 ON tool_types_1.id = tools.tool_type_id
 LIMIT ? OFFSET ?
2026-08-16 00:54:47,877 INFO sqlalchemy.engine.Engine [cached since 1.634e+04s ago] (500, 0)
2026-08-16 00:54:47,878 INFO sqlalchemy.engine.Engine ROLLBACK
INFO:     127.0.0.1:50864 - "GET /api/tools/?limit=500 HTTP/1.1" 200 OK
2026-08-16 00:55:15,578 INFO sqlalchemy.engine.Engine BEGIN (implicit)
2026-08-16 00:55:15,579 INFO sqlalchemy.engine.Engine SELECT users.id, users.personal_number, users.first_name, users.last_name, users.display_name, users.hashed_password, users.is_active, users.is_admin, users.role_id, users.created_at, users.updated_at 
FROM users 
WHERE users.personal_number = ?
2026-08-16 00:55:15,579 INFO sqlalchemy.engine.Engine [cached since 1.789e+04s ago] ('admin1',)
2026-08-16 00:55:15,582 INFO sqlalchemy.engine.Engine SELECT storage_items.id, storage_items.storage_id, storage_items.name, storage_items.type, storage_items.article_number, storage_items.machine_id, storage_items.location_id, storage_items.description, storage_items.allow_duplicate_id, storage_items.created_at, storage_items.updated_at 
FROM storage_items ORDER BY storage_items.storage_id
 LIMIT ? OFFSET ?
2026-08-16 00:55:15,582 INFO sqlalchemy.engine.Engine [cached since 1.636e+04s ago] (500, 0)
2026-08-16 00:55:15,583 INFO sqlalchemy.engine.Engine ROLLBACK
INFO:     127.0.0.1:50877 - "GET /api/storage/?limit=500 HTTP/1.1" 500 Internal Server Error
2026-08-16 00:55:15,711 INFO sqlalchemy.engine.Engine BEGIN (implicit)
2026-08-16 00:55:15,711 INFO sqlalchemy.engine.Engine SELECT users.id, users.personal_number, users.first_name, users.last_name, users.display_name, users.hashed_password, users.is_active, users.is_admin, users.role_id, users.created_at, users.updated_at 
FROM users 
WHERE users.personal_number = ?
2026-08-16 00:55:15,712 INFO sqlalchemy.engine.Engine [cached since 1.789e+04s ago] ('admin1',)
2026-08-16 00:55:15,714 INFO sqlalchemy.engine.Engine SELECT tools.id, tools.tool_id, tools.category, tools.status, tools.is_storage, tools.allow_duplicate_id, tools.measure_a, tools.measure_b, tools.description, tools.plant_id, tools.tool_type_id, tools.storage_location_id, tools.machine_id, tools.customer_id, tools.created_at, tools.updated_at, plants_1.id AS id_1, plants_1.name, plants_1.created_at AS created_at_1, plants_1.updated_at AS updated_at_1, tool_types_1.id AS id_2, tool_types_1.name AS name_1, tool_types_1.created_at AS created_at_2, tool_types_1.updated_at AS updated_at_2 
FROM tools LEFT OUTER JOIN plants AS plants_1 ON plants_1.id = tools.plant_id LEFT OUTER JOIN tool_types AS tool_types_1 ON tool_types_1.id = tools.tool_type_id
 LIMIT ? OFFSET ?
2026-08-16 00:55:15,714 INFO sqlalchemy.engine.Engine [cached since 1.637e+04s ago] (500, 0)
2026-08-16 00:55:15,716 INFO sqlalchemy.engine.Engine ROLLBACK
INFO:     127.0.0.1:50879 - "GET /api/tools/?limit=500 HTTP/1.1" 200 OK
2026-08-16 00:55:15,722 INFO sqlalchemy.engine.Engine BEGIN (implicit)
2026-08-16 00:55:15,723 INFO sqlalchemy.engine.Engine SELECT users.id, users.personal_number, users.first_name, users.last_name, users.display_name, users.hashed_password, users.is_active, users.is_admin, users.role_id, users.created_at, users.updated_at 
FROM users 
WHERE users.personal_number = ?
2026-08-16 00:55:15,723 INFO sqlalchemy.engine.Engine [cached since 1.789e+04s ago] ('admin1',)
2026-08-16 00:55:15,725 INFO sqlalchemy.engine.Engine SELECT tools.id, tools.tool_id, tools.category, tools.status, tools.is_storage, tools.allow_duplicate_id, tools.measure_a, tools.measure_b, tools.description, tools.plant_id, tools.tool_type_id, tools.storage_location_id, tools.machine_id, tools.customer_id, tools.created_at, tools.updated_at, plants_1.id AS id_1, plants_1.name, plants_1.created_at AS created_at_1, plants_1.updated_at AS updated_at_1, tool_types_1.id AS id_2, tool_types_1.name AS name_1, tool_types_1.created_at AS created_at_2, tool_types_1.updated_at AS updated_at_2 
FROM tools LEFT OUTER JOIN plants AS plants_1 ON plants_1.id = tools.plant_id LEFT OUTER JOIN tool_types AS tool_types_1 ON tool_types_1.id = tools.tool_type_id
 LIMIT ? OFFSET ?
2026-08-16 00:55:15,725 INFO sqlalchemy.engine.Engine [cached since 1.637e+04s ago] (500, 0)
2026-08-16 00:55:15,726 INFO sqlalchemy.engine.Engine ROLLBACK
INFO:     127.0.0.1:50881 - "GET /api/tools/?limit=500 HTTP/1.1" 200 OK
2026-08-16 00:55:16,405 INFO sqlalchemy.engine.Engine BEGIN (implicit)
2026-08-16 00:55:16,406 INFO sqlalchemy.engine.Engine SELECT users.id, users.personal_number, users.first_name, users.last_name, users.display_name, users.hashed_password, users.is_active, users.is_admin, users.role_id, users.created_at, users.updated_at 
FROM users 
WHERE users.personal_number = ?
2026-08-16 00:55:16,407 INFO sqlalchemy.engine.Engine [cached since 1.789e+04s ago] ('admin1',)
2026-08-16 00:55:16,409 INFO sqlalchemy.engine.Engine SELECT serial_articles.id, serial_articles.article_number, serial_articles.description, serial_articles.pdf_path, serial_articles.extra_metadata, serial_articles.created_at, serial_articles.updated_at 
FROM serial_articles
 LIMIT ? OFFSET ?
2026-08-16 00:55:16,409 INFO sqlalchemy.engine.Engine [cached since 1.637e+04s ago] (100, 0)
2026-08-16 00:55:16,410 INFO sqlalchemy.engine.Engine ROLLBACK
INFO:     127.0.0.1:50883 - "GET /api/serial-articles/ HTTP/1.1" 200 OK
2026-08-16 00:55:42,573 INFO sqlalchemy.engine.Engine BEGIN (implicit)
2026-08-16 00:55:42,573 INFO sqlalchemy.engine.Engine SELECT users.id, users.personal_number, users.first_name, users.last_name, users.display_name, users.hashed_password, users.is_active, users.is_admin, users.role_id, users.created_at, users.updated_at 
FROM users 
WHERE users.personal_number = ?
2026-08-16 00:55:42,573 INFO sqlalchemy.engine.Engine [cached since 1.792e+04s ago] ('admin1',)
2026-08-16 00:55:42,574 INFO sqlalchemy.engine.Engine BEGIN (implicit)
2026-08-16 00:55:42,575 INFO sqlalchemy.engine.Engine SELECT users.id, users.personal_number, users.first_name, users.last_name, users.display_name, users.hashed_password, users.is_active, users.is_admin, users.role_id, users.created_at, users.updated_at 
FROM users 
WHERE users.personal_number = ?
2026-08-16 00:55:42,575 INFO sqlalchemy.engine.Engine [cached since 1.792e+04s ago] ('admin1',)
2026-08-16 00:55:42,576 INFO sqlalchemy.engine.Engine ROLLBACK
2026-08-16 00:55:42,577 INFO sqlalchemy.engine.Engine ROLLBACK
INFO:     127.0.0.1:50895 - "GET /api/auth/me HTTP/1.1" 200 OK
INFO:     127.0.0.1:50896 - "GET /api/auth/me HTTP/1.1" 200 OK
2026-08-16 00:55:42,931 INFO sqlalchemy.engine.Engine BEGIN (implicit)
2026-08-16 00:55:42,932 INFO sqlalchemy.engine.Engine SELECT users.id, users.personal_number, users.first_name, users.last_name, users.display_name, users.hashed_password, users.is_active, users.is_admin, users.role_id, users.created_at, users.updated_at 
FROM users 
WHERE users.personal_number = ?
2026-08-16 00:55:42,932 INFO sqlalchemy.engine.Engine [cached since 1.792e+04s ago] ('admin1',)
2026-08-16 00:55:42,935 INFO sqlalchemy.engine.Engine SELECT serial_articles.id, serial_articles.article_number, serial_articles.description, serial_articles.pdf_path, serial_articles.extra_metadata, serial_articles.created_at, serial_articles.updated_at 
FROM serial_articles
 LIMIT ? OFFSET ?
2026-08-16 00:55:42,935 INFO sqlalchemy.engine.Engine [cached since 1.639e+04s ago] (100, 0)
2026-08-16 00:55:42,936 INFO sqlalchemy.engine.Engine ROLLBACK
INFO:     127.0.0.1:50897 - "GET /api/serial-articles/ HTTP/1.1" 200 OK
2026-08-16 00:55:47,819 INFO sqlalchemy.engine.Engine BEGIN (implicit)
2026-08-16 00:55:47,820 INFO sqlalchemy.engine.Engine SELECT users.id, users.personal_number, users.first_name, users.last_name, users.display_name, users.hashed_password, users.is_active, users.is_admin, users.role_id, users.created_at, users.updated_at 
FROM users 
WHERE users.personal_number = ?
2026-08-16 00:55:47,820 INFO sqlalchemy.engine.Engine [cached since 1.793e+04s ago] ('admin1',)
2026-08-16 00:55:47,822 INFO sqlalchemy.engine.Engine SELECT tools.id, tools.tool_id, tools.category, tools.status, tools.is_storage, tools.allow_duplicate_id, tools.measure_a, tools.measure_b, tools.description, tools.plant_id, tools.tool_type_id, tools.storage_location_id, tools.machine_id, tools.customer_id, tools.created_at, tools.updated_at, plants_1.id AS id_1, plants_1.name, plants_1.created_at AS created_at_1, plants_1.updated_at AS updated_at_1, tool_types_1.id AS id_2, tool_types_1.name AS name_1, tool_types_1.created_at AS created_at_2, tool_types_1.updated_at AS updated_at_2 
FROM tools LEFT OUTER JOIN plants AS plants_1 ON plants_1.id = tools.plant_id LEFT OUTER JOIN tool_types AS tool_types_1 ON tool_types_1.id = tools.tool_type_id
 LIMIT ? OFFSET ?
2026-08-16 00:55:47,822 INFO sqlalchemy.engine.Engine [cached since 1.64e+04s ago] (500, 0)
2026-08-16 00:55:47,824 INFO sqlalchemy.engine.Engine ROLLBACK
INFO:     127.0.0.1:50899 - "GET /api/tools/?limit=500 HTTP/1.1" 200 OK
2026-08-16 00:55:47,829 INFO sqlalchemy.engine.Engine BEGIN (implicit)
2026-08-16 00:55:47,836 INFO sqlalchemy.engine.Engine SELECT users.id, users.personal_number, users.first_name, users.last_name, users.display_name, users.hashed_password, users.is_active, users.is_admin, users.role_id, users.created_at, users.updated_at 
FROM users 
WHERE users.personal_number = ?
2026-08-16 00:55:47,837 INFO sqlalchemy.engine.Engine [cached since 1.793e+04s ago] ('admin1',)
2026-08-16 00:55:47,839 INFO sqlalchemy.engine.Engine SELECT tools.id, tools.tool_id, tools.category, tools.status, tools.is_storage, tools.allow_duplicate_id, tools.measure_a, tools.measure_b, tools.description, tools.plant_id, tools.tool_type_id, tools.storage_location_id, tools.machine_id, tools.customer_id, tools.created_at, tools.updated_at, plants_1.id AS id_1, plants_1.name, plants_1.created_at AS created_at_1, plants_1.updated_at AS updated_at_1, tool_types_1.id AS id_2, tool_types_1.name AS name_1, tool_types_1.created_at AS created_at_2, tool_types_1.updated_at AS updated_at_2 
FROM tools LEFT OUTER JOIN plants AS plants_1 ON plants_1.id = tools.plant_id LEFT OUTER JOIN tool_types AS tool_types_1 ON tool_types_1.id = tools.tool_type_id
 LIMIT ? OFFSET ?
2026-08-16 00:55:47,839 INFO sqlalchemy.engine.Engine [cached since 1.64e+04s ago] (500, 0)
2026-08-16 00:55:47,841 INFO sqlalchemy.engine.Engine ROLLBACK
INFO:     127.0.0.1:50900 - "GET /api/tools/?limit=500 HTTP/1.1" 200 OK
2026-08-16 00:55:48,590 INFO sqlalchemy.engine.Engine BEGIN (implicit)
2026-08-16 00:55:48,610 INFO sqlalchemy.engine.Engine SELECT users.id, users.personal_number, users.first_name, users.last_name, users.display_name, users.hashed_password, users.is_active, users.is_admin, users.role_id, users.created_at, users.updated_at 
FROM users 
WHERE users.personal_number = ?
2026-08-16 00:55:48,610 INFO sqlalchemy.engine.Engine [cached since 1.793e+04s ago] ('admin1',)
2026-08-16 00:55:48,612 INFO sqlalchemy.engine.Engine SELECT storage_items.id, storage_items.storage_id, storage_items.name, storage_items.type, storage_items.article_number, storage_items.machine_id, storage_items.location_id, storage_items.description, storage_items.allow_duplicate_id, storage_items.created_at, storage_items.updated_at 
FROM storage_items ORDER BY storage_items.storage_id
 LIMIT ? OFFSET ?
2026-08-16 00:55:48,613 INFO sqlalchemy.engine.Engine [cached since 1.64e+04s ago] (500, 0)
2026-08-16 00:55:48,613 INFO sqlalchemy.engine.Engine ROLLBACK
INFO:     127.0.0.1:50902 - "GET /api/storage/?limit=500 HTTP/1.1" 500 Internal Server Error
2026-08-16 00:55:50,325 INFO sqlalchemy.engine.Engine BEGIN (implicit)
2026-08-16 00:55:50,326 INFO sqlalchemy.engine.Engine SELECT users.id, users.personal_number, users.first_name, users.last_name, users.display_name, users.hashed_password, users.is_active, users.is_admin, users.role_id, users.created_at, users.updated_at 
FROM users 
WHERE users.personal_number = ?
2026-08-16 00:55:50,326 INFO sqlalchemy.engine.Engine [cached since 1.793e+04s ago] ('admin1',)
2026-08-16 00:55:50,328 INFO sqlalchemy.engine.Engine SELECT storage_items.id, storage_items.storage_id, storage_items.name, storage_items.type, storage_items.article_number, storage_items.machine_id, storage_items.location_id, storage_items.description, storage_items.allow_duplicate_id, storage_items.created_at, storage_items.updated_at 
FROM storage_items ORDER BY storage_items.storage_id
 LIMIT ? OFFSET ?
2026-08-16 00:55:50,328 INFO sqlalchemy.engine.Engine [cached since 1.64e+04s ago] (500, 0)
2026-08-16 00:55:50,329 INFO sqlalchemy.engine.Engine ROLLBACK
INFO:     127.0.0.1:50906 - "GET /api/storage/?limit=500 HTTP/1.1" 500 Internal Server Error
2026-08-16 00:55:50,371 INFO sqlalchemy.engine.Engine BEGIN (implicit)
2026-08-16 00:55:50,371 INFO sqlalchemy.engine.Engine SELECT users.id, users.personal_number, users.first_name, users.last_name, users.display_name, users.hashed_password, users.is_active, users.is_admin, users.role_id, users.created_at, users.updated_at 
FROM users 
WHERE users.personal_number = ?
2026-08-16 00:55:50,372 INFO sqlalchemy.engine.Engine [cached since 1.793e+04s ago] ('admin1',)
2026-08-16 00:55:50,374 INFO sqlalchemy.engine.Engine SELECT tools.id, tools.tool_id, tools.category, tools.status, tools.is_storage, tools.allow_duplicate_id, tools.measure_a, tools.measure_b, tools.description, tools.plant_id, tools.tool_type_id, tools.storage_location_id, tools.machine_id, tools.customer_id, tools.created_at, tools.updated_at, plants_1.id AS id_1, plants_1.name, plants_1.created_at AS created_at_1, plants_1.updated_at AS updated_at_1, tool_types_1.id AS id_2, tool_types_1.name AS name_1, tool_types_1.created_at AS created_at_2, tool_types_1.updated_at AS updated_at_2 
FROM tools LEFT OUTER JOIN plants AS plants_1 ON plants_1.id = tools.plant_id LEFT OUTER JOIN tool_types AS tool_types_1 ON tool_types_1.id = tools.tool_type_id
 LIMIT ? OFFSET ?
2026-08-16 00:55:50,374 INFO sqlalchemy.engine.Engine [cached since 1.64e+04s ago] (500, 0)
2026-08-16 00:55:50,376 INFO sqlalchemy.engine.Engine ROLLBACK
INFO:     127.0.0.1:50908 - "GET /api/tools/?limit=500 HTTP/1.1" 200 OK
2026-08-16 00:55:50,382 INFO sqlalchemy.engine.Engine BEGIN (implicit)
2026-08-16 00:55:50,382 INFO sqlalchemy.engine.Engine SELECT users.id, users.personal_number, users.first_name, users.last_name, users.display_name, users.hashed_password, users.is_active, users.is_admin, users.role_id, users.created_at, users.updated_at 
FROM users 
WHERE users.personal_number = ?
2026-08-16 00:55:50,383 INFO sqlalchemy.engine.Engine [cached since 1.793e+04s ago] ('admin1',)
2026-08-16 00:55:50,385 INFO sqlalchemy.engine.Engine SELECT tools.id, tools.tool_id, tools.category, tools.status, tools.is_storage, tools.allow_duplicate_id, tools.measure_a, tools.measure_b, tools.description, tools.plant_id, tools.tool_type_id, tools.storage_location_id, tools.machine_id, tools.customer_id, tools.created_at, tools.updated_at, plants_1.id AS id_1, plants_1.name, plants_1.created_at AS created_at_1, plants_1.updated_at AS updated_at_1, tool_types_1.id AS id_2, tool_types_1.name AS name_1, tool_types_1.created_at AS created_at_2, tool_types_1.updated_at AS updated_at_2 
FROM tools LEFT OUTER JOIN plants AS plants_1 ON plants_1.id = tools.plant_id LEFT OUTER JOIN tool_types AS tool_types_1 ON tool_types_1.id = tools.tool_type_id
 LIMIT ? OFFSET ?
2026-08-16 00:55:50,386 INFO sqlalchemy.engine.Engine [cached since 1.64e+04s ago] (500, 0)
2026-08-16 00:55:50,387 INFO sqlalchemy.engine.Engine ROLLBACK
INFO:     127.0.0.1:50910 - "GET /api/tools/?limit=500 HTTP/1.1" 200 OK
2026-08-16 00:55:50,990 INFO sqlalchemy.engine.Engine BEGIN (implicit)
2026-08-16 00:55:50,991 INFO sqlalchemy.engine.Engine SELECT users.id, users.personal_number, users.first_name, users.last_name, users.display_name, users.hashed_password, users.is_active, users.is_admin, users.role_id, users.created_at, users.updated_at 
FROM users 
WHERE users.personal_number = ?
2026-08-16 00:55:50,992 INFO sqlalchemy.engine.Engine [cached since 1.793e+04s ago] ('admin1',)
2026-08-16 00:55:50,994 INFO sqlalchemy.engine.Engine SELECT serial_articles.id, serial_articles.article_number, serial_articles.description, serial_articles.pdf_path, serial_articles.extra_metadata, serial_articles.created_at, serial_articles.updated_at 
FROM serial_articles
 LIMIT ? OFFSET ?
2026-08-16 00:55:50,994 INFO sqlalchemy.engine.Engine [cached since 1.64e+04s ago] (100, 0)
2026-08-16 00:55:50,995 INFO sqlalchemy.engine.Engine ROLLBACK
INFO:     127.0.0.1:50912 - "GET /api/serial-articles/ HTTP/1.1" 200 OK
INFO:     127.0.0.1:63556 - "GET / HTTP/1.1" 200 OK
INFO:     127.0.0.1:63556 - "GET /favicon.ico HTTP/1.1" 404 Not Found
INFO:     127.0.0.1:56667 - "GET /docs HTTP/1.1" 200 OK
INFO:     127.0.0.1:56667 - "GET /openapi.json HTTP/1.1" 200 OK
2026-08-16 01:22:25,910 INFO sqlalchemy.engine.Engine BEGIN (implicit)
2026-08-16 01:22:25,910 INFO sqlalchemy.engine.Engine SELECT users.id, users.personal_number, users.first_name, users.last_name, users.display_name, users.hashed_password, users.is_active, users.is_admin, users.role_id, users.created_at, users.updated_at 
FROM users 
WHERE users.personal_number = ?
2026-08-16 01:22:25,911 INFO sqlalchemy.engine.Engine [cached since 1.952e+04s ago] ('admin1',)
2026-08-16 01:22:25,911 INFO sqlalchemy.engine.Engine BEGIN (implicit)
2026-08-16 01:22:25,911 INFO sqlalchemy.engine.Engine SELECT users.id, users.personal_number, users.first_name, users.last_name, users.display_name, users.hashed_password, users.is_active, users.is_admin, users.role_id, users.created_at, users.updated_at 
FROM users 
WHERE users.personal_number = ?
2026-08-16 01:22:25,912 INFO sqlalchemy.engine.Engine [cached since 1.952e+04s ago] ('admin1',)
2026-08-16 01:22:25,914 INFO sqlalchemy.engine.Engine ROLLBACK
2026-08-16 01:22:25,914 INFO sqlalchemy.engine.Engine ROLLBACK
INFO:     127.0.0.1:61471 - "GET /api/auth/me HTTP/1.1" 200 OK
INFO:     127.0.0.1:61472 - "GET /api/auth/me HTTP/1.1" 200 OK
2026-08-16 01:22:26,305 INFO sqlalchemy.engine.Engine BEGIN (implicit)
2026-08-16 01:22:26,305 INFO sqlalchemy.engine.Engine SELECT users.id, users.personal_number, users.first_name, users.last_name, users.display_name, users.hashed_password, users.is_active, users.is_admin, users.role_id, users.created_at, users.updated_at 
FROM users 
WHERE users.personal_number = ?
2026-08-16 01:22:26,306 INFO sqlalchemy.engine.Engine [cached since 1.952e+04s ago] ('admin1',)
2026-08-16 01:22:26,308 INFO sqlalchemy.engine.Engine SELECT serial_articles.id, serial_articles.article_number, serial_articles.description, serial_articles.pdf_path, serial_articles.extra_metadata, serial_articles.created_at, serial_articles.updated_at 
FROM serial_articles
 LIMIT ? OFFSET ?
2026-08-16 01:22:26,309 INFO sqlalchemy.engine.Engine [cached since 1.8e+04s ago] (100, 0)
2026-08-16 01:22:26,310 INFO sqlalchemy.engine.Engine ROLLBACK
INFO:     127.0.0.1:61475 - "GET /api/serial-articles/ HTTP/1.1" 200 OK
INFO:     127.0.0.1:59560 - "GET /api/serial-articles/ HTTP/1.1" 401 Unauthorized
INFO:     127.0.0.1:59562 - "GET /api/tools/?limit=500 HTTP/1.1" 401 Unauthorized
INFO:     127.0.0.1:59564 - "GET /api/tools/?limit=500 HTTP/1.1" 401 Unauthorized
INFO:     127.0.0.1:59568 - "GET /api/tools/?limit=500 HTTP/1.1" 401 Unauthorized
INFO:     127.0.0.1:59596 - "POST /api/tools/ HTTP/1.1" 401 Unauthorized
INFO:     127.0.0.1:59600 - "GET /api/tools/?limit=500 HTTP/1.1" 401 Unauthorized
INFO:     127.0.0.1:56926 - "GET /api/storage/?limit=500 HTTP/1.1" 401 Unauthorized
INFO:     127.0.0.1:56928 - "GET /api/storage/?limit=500 HTTP/1.1" 401 Unauthorized
INFO:     127.0.0.1:56930 - "GET /api/tools/?limit=500 HTTP/1.1" 401 Unauthorized
INFO:     127.0.0.1:56932 - "GET /api/tools/?limit=500 HTTP/1.1" 401 Unauthorized
INFO:     127.0.0.1:56934 - "GET /api/serial-articles/ HTTP/1.1" 401 Unauthorized
INFO:     127.0.0.1:50216 - "GET /api/auth/me HTTP/1.1" 401 Unauthorized
INFO:     127.0.0.1:50217 - "GET /api/auth/me HTTP/1.1" 401 Unauthorized
2026-08-16 01:37:06,323 INFO sqlalchemy.engine.Engine BEGIN (implicit)
2026-08-16 01:37:06,324 INFO sqlalchemy.engine.Engine SELECT users.id, users.personal_number, users.first_name, users.last_name, users.display_name, users.hashed_password, users.is_active, users.is_admin, users.role_id, users.created_at, users.updated_at 
FROM users 
WHERE users.personal_number = ?
2026-08-16 01:37:06,324 INFO sqlalchemy.engine.Engine [cached since 2.04e+04s ago] ('admin1',)
2026-08-16 01:37:06,563 INFO sqlalchemy.engine.Engine ROLLBACK
INFO:     127.0.0.1:62799 - "POST /api/auth/admin/login HTTP/1.1" 200 OK
2026-08-16 01:37:06,956 INFO sqlalchemy.engine.Engine BEGIN (implicit)
2026-08-16 01:37:06,956 INFO sqlalchemy.engine.Engine SELECT users.id, users.personal_number, users.first_name, users.last_name, users.display_name, users.hashed_password, users.is_active, users.is_admin, users.role_id, users.created_at, users.updated_at 
FROM users 
WHERE users.personal_number = ?
2026-08-16 01:37:06,956 INFO sqlalchemy.engine.Engine [cached since 2.04e+04s ago] ('admin1',)
2026-08-16 01:37:06,958 INFO sqlalchemy.engine.Engine SELECT serial_articles.id, serial_articles.article_number, serial_articles.description, serial_articles.pdf_path, serial_articles.extra_metadata, serial_articles.created_at, serial_articles.updated_at 
FROM serial_articles
 LIMIT ? OFFSET ?
2026-08-16 01:37:06,959 INFO sqlalchemy.engine.Engine [cached since 1.888e+04s ago] (100, 0)
2026-08-16 01:37:06,960 INFO sqlalchemy.engine.Engine ROLLBACK
INFO:     127.0.0.1:62801 - "GET /api/serial-articles/ HTTP/1.1" 200 OK
2026-08-16 01:37:12,469 INFO sqlalchemy.engine.Engine BEGIN (implicit)
2026-08-16 01:37:12,469 INFO sqlalchemy.engine.Engine SELECT users.id, users.personal_number, users.first_name, users.last_name, users.display_name, users.hashed_password, users.is_active, users.is_admin, users.role_id, users.created_at, users.updated_at 
FROM users 
WHERE users.personal_number = ?
2026-08-16 01:37:12,470 INFO sqlalchemy.engine.Engine [cached since 2.041e+04s ago] ('admin1',)
2026-08-16 01:37:12,472 INFO sqlalchemy.engine.Engine SELECT tools.id, tools.tool_id, tools.category, tools.status, tools.is_storage, tools.allow_duplicate_id, tools.measure_a, tools.measure_b, tools.description, tools.plant_id, tools.tool_type_id, tools.storage_location_id, tools.machine_id, tools.customer_id, tools.created_at, tools.updated_at, plants_1.id AS id_1, plants_1.name, plants_1.created_at AS created_at_1, plants_1.updated_at AS updated_at_1, tool_types_1.id AS id_2, tool_types_1.name AS name_1, tool_types_1.created_at AS created_at_2, tool_types_1.updated_at AS updated_at_2 
FROM tools LEFT OUTER JOIN plants AS plants_1 ON plants_1.id = tools.plant_id LEFT OUTER JOIN tool_types AS tool_types_1 ON tool_types_1.id = tools.tool_type_id
 LIMIT ? OFFSET ?
2026-08-16 01:37:12,472 INFO sqlalchemy.engine.Engine [cached since 1.888e+04s ago] (500, 0)
2026-08-16 01:37:12,474 INFO sqlalchemy.engine.Engine ROLLBACK
INFO:     127.0.0.1:62803 - "GET /api/tools/?limit=500 HTTP/1.1" 200 OK
2026-08-16 01:37:12,479 INFO sqlalchemy.engine.Engine BEGIN (implicit)
2026-08-16 01:37:12,484 INFO sqlalchemy.engine.Engine SELECT users.id, users.personal_number, users.first_name, users.last_name, users.display_name, users.hashed_password, users.is_active, users.is_admin, users.role_id, users.created_at, users.updated_at 
FROM users 
WHERE users.personal_number = ?
2026-08-16 01:37:12,485 INFO sqlalchemy.engine.Engine [cached since 2.041e+04s ago] ('admin1',)
2026-08-16 01:37:12,487 INFO sqlalchemy.engine.Engine SELECT tools.id, tools.tool_id, tools.category, tools.status, tools.is_storage, tools.allow_duplicate_id, tools.measure_a, tools.measure_b, tools.description, tools.plant_id, tools.tool_type_id, tools.storage_location_id, tools.machine_id, tools.customer_id, tools.created_at, tools.updated_at, plants_1.id AS id_1, plants_1.name, plants_1.created_at AS created_at_1, plants_1.updated_at AS updated_at_1, tool_types_1.id AS id_2, tool_types_1.name AS name_1, tool_types_1.created_at AS created_at_2, tool_types_1.updated_at AS updated_at_2 
FROM tools LEFT OUTER JOIN plants AS plants_1 ON plants_1.id = tools.plant_id LEFT OUTER JOIN tool_types AS tool_types_1 ON tool_types_1.id = tools.tool_type_id
 LIMIT ? OFFSET ?
2026-08-16 01:37:12,487 INFO sqlalchemy.engine.Engine [cached since 1.888e+04s ago] (500, 0)
2026-08-16 01:37:12,489 INFO sqlalchemy.engine.Engine ROLLBACK
INFO:     127.0.0.1:62805 - "GET /api/tools/?limit=500 HTTP/1.1" 200 OK
2026-08-16 01:37:14,324 INFO sqlalchemy.engine.Engine BEGIN (implicit)
2026-08-16 01:37:14,325 INFO sqlalchemy.engine.Engine SELECT users.id, users.personal_number, users.first_name, users.last_name, users.display_name, users.hashed_password, users.is_active, users.is_admin, users.role_id, users.created_at, users.updated_at 
FROM users 
WHERE users.personal_number = ?
2026-08-16 01:37:14,325 INFO sqlalchemy.engine.Engine [cached since 2.041e+04s ago] ('admin1',)
2026-08-16 01:37:14,327 INFO sqlalchemy.engine.Engine SELECT storage_items.id, storage_items.storage_id, storage_items.name, storage_items.type, storage_items.article_number, storage_items.machine_id, storage_items.location_id, storage_items.description, storage_items.allow_duplicate_id, storage_items.created_at, storage_items.updated_at 
FROM storage_items ORDER BY storage_items.storage_id
 LIMIT ? OFFSET ?
2026-08-16 01:37:14,328 INFO sqlalchemy.engine.Engine [cached since 1.888e+04s ago] (500, 0)
2026-08-16 01:37:14,328 INFO sqlalchemy.engine.Engine ROLLBACK
INFO:     127.0.0.1:62814 - "GET /api/storage/?limit=500 HTTP/1.1" 500 Internal Server Error
2026-08-16 01:37:16,699 INFO sqlalchemy.engine.Engine BEGIN (implicit)
2026-08-16 01:37:16,699 INFO sqlalchemy.engine.Engine SELECT users.id, users.personal_number, users.first_name, users.last_name, users.display_name, users.hashed_password, users.is_active, users.is_admin, users.role_id, users.created_at, users.updated_at 
FROM users 
WHERE users.personal_number = ?
2026-08-16 01:37:16,699 INFO sqlalchemy.engine.Engine [cached since 2.041e+04s ago] ('admin1',)
2026-08-16 01:37:16,701 INFO sqlalchemy.engine.Engine SELECT storage_items.id, storage_items.storage_id, storage_items.name, storage_items.type, storage_items.article_number, storage_items.machine_id, storage_items.location_id, storage_items.description, storage_items.allow_duplicate_id, storage_items.created_at, storage_items.updated_at 
FROM storage_items ORDER BY storage_items.storage_id
 LIMIT ? OFFSET ?
2026-08-16 01:37:16,702 INFO sqlalchemy.engine.Engine [cached since 1.889e+04s ago] (500, 0)
2026-08-16 01:37:16,703 INFO sqlalchemy.engine.Engine ROLLBACK
INFO:     127.0.0.1:62816 - "GET /api/storage/?limit=500 HTTP/1.1" 500 Internal Server Error
2026-08-16 01:37:16,824 INFO sqlalchemy.engine.Engine BEGIN (implicit)
2026-08-16 01:37:16,825 INFO sqlalchemy.engine.Engine SELECT users.id, users.personal_number, users.first_name, users.last_name, users.display_name, users.hashed_password, users.is_active, users.is_admin, users.role_id, users.created_at, users.updated_at 
FROM users 
WHERE users.personal_number = ?
2026-08-16 01:37:16,825 INFO sqlalchemy.engine.Engine [cached since 2.041e+04s ago] ('admin1',)
2026-08-16 01:37:16,827 INFO sqlalchemy.engine.Engine SELECT tools.id, tools.tool_id, tools.category, tools.status, tools.is_storage, tools.allow_duplicate_id, tools.measure_a, tools.measure_b, tools.description, tools.plant_id, tools.tool_type_id, tools.storage_location_id, tools.machine_id, tools.customer_id, tools.created_at, tools.updated_at, plants_1.id AS id_1, plants_1.name, plants_1.created_at AS created_at_1, plants_1.updated_at AS updated_at_1, tool_types_1.id AS id_2, tool_types_1.name AS name_1, tool_types_1.created_at AS created_at_2, tool_types_1.updated_at AS updated_at_2 
FROM tools LEFT OUTER JOIN plants AS plants_1 ON plants_1.id = tools.plant_id LEFT OUTER JOIN tool_types AS tool_types_1 ON tool_types_1.id = tools.tool_type_id
 LIMIT ? OFFSET ?
2026-08-16 01:37:16,827 INFO sqlalchemy.engine.Engine [cached since 1.889e+04s ago] (500, 0)
2026-08-16 01:37:16,829 INFO sqlalchemy.engine.Engine ROLLBACK
INFO:     127.0.0.1:62818 - "GET /api/tools/?limit=500 HTTP/1.1" 200 OK
2026-08-16 01:37:16,834 INFO sqlalchemy.engine.Engine BEGIN (implicit)
2026-08-16 01:37:16,835 INFO sqlalchemy.engine.Engine SELECT users.id, users.personal_number, users.first_name, users.last_name, users.display_name, users.hashed_password, users.is_active, users.is_admin, users.role_id, users.created_at, users.updated_at 
FROM users 
WHERE users.personal_number = ?
2026-08-16 01:37:16,836 INFO sqlalchemy.engine.Engine [cached since 2.041e+04s ago] ('admin1',)
2026-08-16 01:37:16,838 INFO sqlalchemy.engine.Engine SELECT tools.id, tools.tool_id, tools.category, tools.status, tools.is_storage, tools.allow_duplicate_id, tools.measure_a, tools.measure_b, tools.description, tools.plant_id, tools.tool_type_id, tools.storage_location_id, tools.machine_id, tools.customer_id, tools.created_at, tools.updated_at, plants_1.id AS id_1, plants_1.name, plants_1.created_at AS created_at_1, plants_1.updated_at AS updated_at_1, tool_types_1.id AS id_2, tool_types_1.name AS name_1, tool_types_1.created_at AS created_at_2, tool_types_1.updated_at AS updated_at_2 
FROM tools LEFT OUTER JOIN plants AS plants_1 ON plants_1.id = tools.plant_id LEFT OUTER JOIN tool_types AS tool_types_1 ON tool_types_1.id = tools.tool_type_id
 LIMIT ? OFFSET ?
2026-08-16 01:37:16,838 INFO sqlalchemy.engine.Engine [cached since 1.889e+04s ago] (500, 0)
2026-08-16 01:37:16,839 INFO sqlalchemy.engine.Engine ROLLBACK
INFO:     127.0.0.1:62820 - "GET /api/tools/?limit=500 HTTP/1.1" 200 OK
2026-08-16 01:37:17,546 INFO sqlalchemy.engine.Engine BEGIN (implicit)
2026-08-16 01:37:17,547 INFO sqlalchemy.engine.Engine SELECT users.id, users.personal_number, users.first_name, users.last_name, users.display_name, users.hashed_password, users.is_active, users.is_admin, users.role_id, users.created_at, users.updated_at 
FROM users 
WHERE users.personal_number = ?
2026-08-16 01:37:17,547 INFO sqlalchemy.engine.Engine [cached since 2.041e+04s ago] ('admin1',)
2026-08-16 01:37:17,549 INFO sqlalchemy.engine.Engine SELECT serial_articles.id, serial_articles.article_number, serial_articles.description, serial_articles.pdf_path, serial_articles.extra_metadata, serial_articles.created_at, serial_articles.updated_at 
FROM serial_articles
 LIMIT ? OFFSET ?
2026-08-16 01:37:17,549 INFO sqlalchemy.engine.Engine [cached since 1.889e+04s ago] (100, 0)
2026-08-16 01:37:17,550 INFO sqlalchemy.engine.Engine ROLLBACK
INFO:     127.0.0.1:62822 - "GET /api/serial-articles/ HTTP/1.1" 200 OK
2026-08-16 01:38:00,271 INFO sqlalchemy.engine.Engine BEGIN (implicit)
2026-08-16 01:38:00,271 INFO sqlalchemy.engine.Engine SELECT users.id, users.personal_number, users.first_name, users.last_name, users.display_name, users.hashed_password, users.is_active, users.is_admin, users.role_id, users.created_at, users.updated_at 
FROM users 
WHERE users.personal_number = ?
2026-08-16 01:38:00,272 INFO sqlalchemy.engine.Engine [cached since 2.046e+04s ago] ('1001',)
2026-08-16 01:38:00,274 INFO sqlalchemy.engine.Engine ROLLBACK
INFO:     127.0.0.1:62830 - "POST /api/auth/login HTTP/1.1" 200 OK
2026-08-16 01:38:00,616 INFO sqlalchemy.engine.Engine BEGIN (implicit)
2026-08-16 01:38:00,617 INFO sqlalchemy.engine.Engine SELECT users.id, users.personal_number, users.first_name, users.last_name, users.display_name, users.hashed_password, users.is_active, users.is_admin, users.role_id, users.created_at, users.updated_at 
FROM users 
WHERE users.personal_number = ?
2026-08-16 01:38:00,617 INFO sqlalchemy.engine.Engine [cached since 2.046e+04s ago] ('1001',)
2026-08-16 01:38:00,619 INFO sqlalchemy.engine.Engine SELECT serial_articles.id, serial_articles.article_number, serial_articles.description, serial_articles.pdf_path, serial_articles.extra_metadata, serial_articles.created_at, serial_articles.updated_at 
FROM serial_articles
 LIMIT ? OFFSET ?
2026-08-16 01:38:00,619 INFO sqlalchemy.engine.Engine [cached since 1.893e+04s ago] (100, 0)
2026-08-16 01:38:00,620 INFO sqlalchemy.engine.Engine ROLLBACK
INFO:     127.0.0.1:62832 - "GET /api/serial-articles/ HTTP/1.1" 200 OK
2026-08-16 01:38:05,578 INFO sqlalchemy.engine.Engine BEGIN (implicit)
2026-08-16 01:38:05,579 INFO sqlalchemy.engine.Engine SELECT users.id, users.personal_number, users.first_name, users.last_name, users.display_name, users.hashed_password, users.is_active, users.is_admin, users.role_id, users.created_at, users.updated_at 
FROM users 
WHERE users.personal_number = ?
2026-08-16 01:38:05,579 INFO sqlalchemy.engine.Engine [cached since 2.046e+04s ago] ('1001',)
2026-08-16 01:38:05,581 INFO sqlalchemy.engine.Engine SELECT tools.id, tools.tool_id, tools.category, tools.status, tools.is_storage, tools.allow_duplicate_id, tools.measure_a, tools.measure_b, tools.description, tools.plant_id, tools.tool_type_id, tools.storage_location_id, tools.machine_id, tools.customer_id, tools.created_at, tools.updated_at, plants_1.id AS id_1, plants_1.name, plants_1.created_at AS created_at_1, plants_1.updated_at AS updated_at_1, tool_types_1.id AS id_2, tool_types_1.name AS name_1, tool_types_1.created_at AS created_at_2, tool_types_1.updated_at AS updated_at_2 
FROM tools LEFT OUTER JOIN plants AS plants_1 ON plants_1.id = tools.plant_id LEFT OUTER JOIN tool_types AS tool_types_1 ON tool_types_1.id = tools.tool_type_id
 LIMIT ? OFFSET ?
2026-08-16 01:38:05,581 INFO sqlalchemy.engine.Engine [cached since 1.894e+04s ago] (500, 0)
2026-08-16 01:38:05,583 INFO sqlalchemy.engine.Engine ROLLBACK
INFO:     127.0.0.1:62834 - "GET /api/tools/?limit=500 HTTP/1.1" 200 OK
2026-08-16 01:38:05,588 INFO sqlalchemy.engine.Engine BEGIN (implicit)
2026-08-16 01:38:05,594 INFO sqlalchemy.engine.Engine SELECT users.id, users.personal_number, users.first_name, users.last_name, users.display_name, users.hashed_password, users.is_active, users.is_admin, users.role_id, users.created_at, users.updated_at 
FROM users 
WHERE users.personal_number = ?
2026-08-16 01:38:05,595 INFO sqlalchemy.engine.Engine [cached since 2.046e+04s ago] ('1001',)
2026-08-16 01:38:05,596 INFO sqlalchemy.engine.Engine SELECT tools.id, tools.tool_id, tools.category, tools.status, tools.is_storage, tools.allow_duplicate_id, tools.measure_a, tools.measure_b, tools.description, tools.plant_id, tools.tool_type_id, tools.storage_location_id, tools.machine_id, tools.customer_id, tools.created_at, tools.updated_at, plants_1.id AS id_1, plants_1.name, plants_1.created_at AS created_at_1, plants_1.updated_at AS updated_at_1, tool_types_1.id AS id_2, tool_types_1.name AS name_1, tool_types_1.created_at AS created_at_2, tool_types_1.updated_at AS updated_at_2 
FROM tools LEFT OUTER JOIN plants AS plants_1 ON plants_1.id = tools.plant_id LEFT OUTER JOIN tool_types AS tool_types_1 ON tool_types_1.id = tools.tool_type_id
 LIMIT ? OFFSET ?
2026-08-16 01:38:05,597 INFO sqlalchemy.engine.Engine [cached since 1.894e+04s ago] (500, 0)
2026-08-16 01:38:05,599 INFO sqlalchemy.engine.Engine ROLLBACK
INFO:     127.0.0.1:62836 - "GET /api/tools/?limit=500 HTTP/1.1" 200 OK
2026-08-16 01:38:07,445 INFO sqlalchemy.engine.Engine BEGIN (implicit)
2026-08-16 01:38:07,446 INFO sqlalchemy.engine.Engine SELECT users.id, users.personal_number, users.first_name, users.last_name, users.display_name, users.hashed_password, users.is_active, users.is_admin, users.role_id, users.created_at, users.updated_at 
FROM users 
WHERE users.personal_number = ?
2026-08-16 01:38:07,446 INFO sqlalchemy.engine.Engine [cached since 2.046e+04s ago] ('1001',)
2026-08-16 01:38:07,448 INFO sqlalchemy.engine.Engine SELECT tools.id, tools.tool_id, tools.category, tools.status, tools.is_storage, tools.allow_duplicate_id, tools.measure_a, tools.measure_b, tools.description, tools.plant_id, tools.tool_type_id, tools.storage_location_id, tools.machine_id, tools.customer_id, tools.created_at, tools.updated_at, plants_1.id AS id_1, plants_1.name, plants_1.created_at AS created_at_1, plants_1.updated_at AS updated_at_1, tool_types_1.id AS id_2, tool_types_1.name AS name_1, tool_types_1.created_at AS created_at_2, tool_types_1.updated_at AS updated_at_2 
FROM tools LEFT OUTER JOIN plants AS plants_1 ON plants_1.id = tools.plant_id LEFT OUTER JOIN tool_types AS tool_types_1 ON tool_types_1.id = tools.tool_type_id
 LIMIT ? OFFSET ?
2026-08-16 01:38:07,448 INFO sqlalchemy.engine.Engine [cached since 1.894e+04s ago] (500, 0)
2026-08-16 01:38:07,450 INFO sqlalchemy.engine.Engine ROLLBACK
INFO:     127.0.0.1:62838 - "GET /api/tools/?limit=500 HTTP/1.1" 200 OK
2026-08-16 01:38:11,840 INFO sqlalchemy.engine.Engine BEGIN (implicit)
2026-08-16 01:38:11,841 INFO sqlalchemy.engine.Engine SELECT users.id, users.personal_number, users.first_name, users.last_name, users.display_name, users.hashed_password, users.is_active, users.is_admin, users.role_id, users.created_at, users.updated_at 
FROM users 
WHERE users.personal_number = ?
2026-08-16 01:38:11,841 INFO sqlalchemy.engine.Engine [cached since 2.047e+04s ago] ('1001',)
2026-08-16 01:38:11,844 INFO sqlalchemy.engine.Engine SELECT tools.id, tools.tool_id, tools.category, tools.status, tools.is_storage, tools.allow_duplicate_id, tools.measure_a, tools.measure_b, tools.description, tools.plant_id, tools.tool_type_id, tools.storage_location_id, tools.machine_id, tools.customer_id, tools.created_at, tools.updated_at, plants_1.id AS id_1, plants_1.name, plants_1.created_at AS created_at_1, plants_1.updated_at AS updated_at_1, tool_types_1.id AS id_2, tool_types_1.name AS name_1, tool_types_1.created_at AS created_at_2, tool_types_1.updated_at AS updated_at_2 
FROM tools LEFT OUTER JOIN plants AS plants_1 ON plants_1.id = tools.plant_id LEFT OUTER JOIN tool_types AS tool_types_1 ON tool_types_1.id = tools.tool_type_id
 LIMIT ? OFFSET ?
2026-08-16 01:38:11,844 INFO sqlalchemy.engine.Engine [cached since 1.894e+04s ago] (500, 0)
2026-08-16 01:38:11,846 INFO sqlalchemy.engine.Engine ROLLBACK
INFO:     127.0.0.1:62841 - "GET /api/tools/?limit=500 HTTP/1.1" 200 OK
2026-08-16 01:38:32,423 INFO sqlalchemy.engine.Engine BEGIN (implicit)
2026-08-16 01:38:32,424 INFO sqlalchemy.engine.Engine SELECT users.id, users.personal_number, users.first_name, users.last_name, users.display_name, users.hashed_password, users.is_active, users.is_admin, users.role_id, users.created_at, users.updated_at 
FROM users 
WHERE users.personal_number = ?
2026-08-16 01:38:32,424 INFO sqlalchemy.engine.Engine [cached since 2.049e+04s ago] ('1001',)
2026-08-16 01:38:32,427 INFO sqlalchemy.engine.Engine SELECT serial_articles.id, serial_articles.article_number, serial_articles.description, serial_articles.pdf_path, serial_articles.extra_metadata, serial_articles.created_at, serial_articles.updated_at 
FROM serial_articles
 LIMIT ? OFFSET ?
2026-08-16 01:38:32,427 INFO sqlalchemy.engine.Engine [cached since 1.896e+04s ago] (100, 0)
2026-08-16 01:38:32,428 INFO sqlalchemy.engine.Engine ROLLBACK
INFO:     127.0.0.1:62852 - "GET /api/serial-articles/ HTTP/1.1" 200 OK
2026-08-16 01:49:10,945 INFO sqlalchemy.engine.Engine BEGIN (implicit)
2026-08-16 01:49:10,946 INFO sqlalchemy.engine.Engine SELECT users.id, users.personal_number, users.first_name, users.last_name, users.display_name, users.hashed_password, users.is_active, users.is_admin, users.role_id, users.created_at, users.updated_at 
FROM users 
WHERE users.personal_number = ?
2026-08-16 01:49:10,946 INFO sqlalchemy.engine.Engine [cached since 2.113e+04s ago] ('1001',)
2026-08-16 01:49:10,947 INFO sqlalchemy.engine.Engine BEGIN (implicit)
2026-08-16 01:49:10,948 INFO sqlalchemy.engine.Engine SELECT users.id, users.personal_number, users.first_name, users.last_name, users.display_name, users.hashed_password, users.is_active, users.is_admin, users.role_id, users.created_at, users.updated_at 
FROM users 
WHERE users.personal_number = ?
2026-08-16 01:49:10,948 INFO sqlalchemy.engine.Engine [cached since 2.113e+04s ago] ('1001',)
2026-08-16 01:49:10,949 INFO sqlalchemy.engine.Engine ROLLBACK
2026-08-16 01:49:10,951 INFO sqlalchemy.engine.Engine ROLLBACK
INFO:     127.0.0.1:53313 - "GET /api/auth/me HTTP/1.1" 200 OK
INFO:     127.0.0.1:53314 - "GET /api/auth/me HTTP/1.1" 200 OK
2026-08-16 01:49:11,408 INFO sqlalchemy.engine.Engine BEGIN (implicit)
2026-08-16 01:49:11,409 INFO sqlalchemy.engine.Engine SELECT users.id, users.personal_number, users.first_name, users.last_name, users.display_name, users.hashed_password, users.is_active, users.is_admin, users.role_id, users.created_at, users.updated_at 
FROM users 
WHERE users.personal_number = ?
2026-08-16 01:49:11,409 INFO sqlalchemy.engine.Engine [cached since 2.113e+04s ago] ('1001',)
2026-08-16 01:49:11,411 INFO sqlalchemy.engine.Engine SELECT serial_articles.id, serial_articles.article_number, serial_articles.description, serial_articles.pdf_path, serial_articles.extra_metadata, serial_articles.created_at, serial_articles.updated_at 
FROM serial_articles
 LIMIT ? OFFSET ?
2026-08-16 01:49:11,411 INFO sqlalchemy.engine.Engine [cached since 1.96e+04s ago] (100, 0)
2026-08-16 01:49:11,412 INFO sqlalchemy.engine.Engine ROLLBACK
INFO:     127.0.0.1:53315 - "GET /api/serial-articles/ HTTP/1.1" 200 OK
2026-08-16 01:53:53,751 INFO sqlalchemy.engine.Engine BEGIN (implicit)
2026-08-16 01:53:53,751 INFO sqlalchemy.engine.Engine SELECT users.id, users.personal_number, users.first_name, users.last_name, users.display_name, users.hashed_password, users.is_active, users.is_admin, users.role_id, users.created_at, users.updated_at 
FROM users 
WHERE users.personal_number = ?
2026-08-16 01:53:53,752 INFO sqlalchemy.engine.Engine [cached since 2.141e+04s ago] ('1001',)
2026-08-16 01:53:53,754 INFO sqlalchemy.engine.Engine SELECT tools.id, tools.tool_id, tools.category, tools.status, tools.is_storage, tools.allow_duplicate_id, tools.measure_a, tools.measure_b, tools.description, tools.plant_id, tools.tool_type_id, tools.storage_location_id, tools.machine_id, tools.customer_id, tools.created_at, tools.updated_at, plants_1.id AS id_1, plants_1.name, plants_1.created_at AS created_at_1, plants_1.updated_at AS updated_at_1, tool_types_1.id AS id_2, tool_types_1.name AS name_1, tool_types_1.created_at AS created_at_2, tool_types_1.updated_at AS updated_at_2 
FROM tools LEFT OUTER JOIN plants AS plants_1 ON plants_1.id = tools.plant_id LEFT OUTER JOIN tool_types AS tool_types_1 ON tool_types_1.id = tools.tool_type_id
 LIMIT ? OFFSET ?
2026-08-16 01:53:53,754 INFO sqlalchemy.engine.Engine [cached since 1.988e+04s ago] (500, 0)
2026-08-16 01:53:53,756 INFO sqlalchemy.engine.Engine ROLLBACK
INFO:     127.0.0.1:51152 - "GET /api/tools/?limit=500 HTTP/1.1" 200 OK
2026-08-16 01:53:53,762 INFO sqlalchemy.engine.Engine BEGIN (implicit)
2026-08-16 01:53:54,050 INFO sqlalchemy.engine.Engine SELECT users.id, users.personal_number, users.first_name, users.last_name, users.display_name, users.hashed_password, users.is_active, users.is_admin, users.role_id, users.created_at, users.updated_at 
FROM users 
WHERE users.personal_number = ?
2026-08-16 01:53:54,050 INFO sqlalchemy.engine.Engine [cached since 2.141e+04s ago] ('1001',)
2026-08-16 01:53:54,052 INFO sqlalchemy.engine.Engine SELECT tools.id, tools.tool_id, tools.category, tools.status, tools.is_storage, tools.allow_duplicate_id, tools.measure_a, tools.measure_b, tools.description, tools.plant_id, tools.tool_type_id, tools.storage_location_id, tools.machine_id, tools.customer_id, tools.created_at, tools.updated_at, plants_1.id AS id_1, plants_1.name, plants_1.created_at AS created_at_1, plants_1.updated_at AS updated_at_1, tool_types_1.id AS id_2, tool_types_1.name AS name_1, tool_types_1.created_at AS created_at_2, tool_types_1.updated_at AS updated_at_2 
FROM tools LEFT OUTER JOIN plants AS plants_1 ON plants_1.id = tools.plant_id LEFT OUTER JOIN tool_types AS tool_types_1 ON tool_types_1.id = tools.tool_type_id
 LIMIT ? OFFSET ?
2026-08-16 01:53:54,053 INFO sqlalchemy.engine.Engine [cached since 1.988e+04s ago] (500, 0)
2026-08-16 01:53:54,055 INFO sqlalchemy.engine.Engine ROLLBACK
INFO:     127.0.0.1:51154 - "GET /api/tools/?limit=500 HTTP/1.1" 200 OK
2026-08-16 01:53:58,517 INFO sqlalchemy.engine.Engine BEGIN (implicit)
2026-08-16 01:53:58,517 INFO sqlalchemy.engine.Engine SELECT users.id, users.personal_number, users.first_name, users.last_name, users.display_name, users.hashed_password, users.is_active, users.is_admin, users.role_id, users.created_at, users.updated_at 
FROM users 
WHERE users.personal_number = ?
2026-08-16 01:53:58,518 INFO sqlalchemy.engine.Engine [cached since 2.142e+04s ago] ('1001',)
2026-08-16 01:53:58,520 INFO sqlalchemy.engine.Engine SELECT serial_articles.id, serial_articles.article_number, serial_articles.description, serial_articles.pdf_path, serial_articles.extra_metadata, serial_articles.created_at, serial_articles.updated_at 
FROM serial_articles
 LIMIT ? OFFSET ?
2026-08-16 01:53:58,520 INFO sqlalchemy.engine.Engine [cached since 1.989e+04s ago] (100, 0)
2026-08-16 01:53:58,521 INFO sqlalchemy.engine.Engine ROLLBACK
INFO:     127.0.0.1:51158 - "GET /api/serial-articles/ HTTP/1.1" 200 OK
2026-08-16 01:54:00,594 INFO sqlalchemy.engine.Engine BEGIN (implicit)
2026-08-16 01:54:00,594 INFO sqlalchemy.engine.Engine SELECT users.id, users.personal_number, users.first_name, users.last_name, users.display_name, users.hashed_password, users.is_active, users.is_admin, users.role_id, users.created_at, users.updated_at 
FROM users 
WHERE users.personal_number = ?
2026-08-16 01:54:00,595 INFO sqlalchemy.engine.Engine [cached since 2.142e+04s ago] ('1001',)
2026-08-16 01:54:00,597 INFO sqlalchemy.engine.Engine SELECT tools.id, tools.tool_id, tools.category, tools.status, tools.is_storage, tools.allow_duplicate_id, tools.measure_a, tools.measure_b, tools.description, tools.plant_id, tools.tool_type_id, tools.storage_location_id, tools.machine_id, tools.customer_id, tools.created_at, tools.updated_at, plants_1.id AS id_1, plants_1.name, plants_1.created_at AS created_at_1, plants_1.updated_at AS updated_at_1, tool_types_1.id AS id_2, tool_types_1.name AS name_1, tool_types_1.created_at AS created_at_2, tool_types_1.updated_at AS updated_at_2 
FROM tools LEFT OUTER JOIN plants AS plants_1 ON plants_1.id = tools.plant_id LEFT OUTER JOIN tool_types AS tool_types_1 ON tool_types_1.id = tools.tool_type_id
 LIMIT ? OFFSET ?
2026-08-16 01:54:00,597 INFO sqlalchemy.engine.Engine [cached since 1.989e+04s ago] (500, 0)
2026-08-16 01:54:00,599 INFO sqlalchemy.engine.Engine ROLLBACK
INFO:     127.0.0.1:51161 - "GET /api/tools/?limit=500 HTTP/1.1" 200 OK
2026-08-16 01:54:00,607 INFO sqlalchemy.engine.Engine BEGIN (implicit)
2026-08-16 01:54:00,611 INFO sqlalchemy.engine.Engine SELECT users.id, users.personal_number, users.first_name, users.last_name, users.display_name, users.hashed_password, users.is_active, users.is_admin, users.role_id, users.created_at, users.updated_at 
FROM users 
WHERE users.personal_number = ?
2026-08-16 01:54:00,612 INFO sqlalchemy.engine.Engine [cached since 2.142e+04s ago] ('1001',)
2026-08-16 01:54:00,614 INFO sqlalchemy.engine.Engine SELECT tools.id, tools.tool_id, tools.category, tools.status, tools.is_storage, tools.allow_duplicate_id, tools.measure_a, tools.measure_b, tools.description, tools.plant_id, tools.tool_type_id, tools.storage_location_id, tools.machine_id, tools.customer_id, tools.created_at, tools.updated_at, plants_1.id AS id_1, plants_1.name, plants_1.created_at AS created_at_1, plants_1.updated_at AS updated_at_1, tool_types_1.id AS id_2, tool_types_1.name AS name_1, tool_types_1.created_at AS created_at_2, tool_types_1.updated_at AS updated_at_2 
FROM tools LEFT OUTER JOIN plants AS plants_1 ON plants_1.id = tools.plant_id LEFT OUTER JOIN tool_types AS tool_types_1 ON tool_types_1.id = tools.tool_type_id
 LIMIT ? OFFSET ?
2026-08-16 01:54:00,614 INFO sqlalchemy.engine.Engine [cached since 1.989e+04s ago] (500, 0)
2026-08-16 01:54:00,615 INFO sqlalchemy.engine.Engine ROLLBACK
INFO:     127.0.0.1:51163 - "GET /api/tools/?limit=500 HTTP/1.1" 200 OK
2026-08-16 02:02:40,664 INFO sqlalchemy.engine.Engine BEGIN (implicit)
2026-08-16 02:02:40,665 INFO sqlalchemy.engine.Engine SELECT users.id, users.personal_number, users.first_name, users.last_name, users.display_name, users.hashed_password, users.is_active, users.is_admin, users.role_id, users.created_at, users.updated_at 
FROM users 
WHERE users.personal_number = ?
2026-08-16 02:02:40,665 INFO sqlalchemy.engine.Engine [cached since 2.194e+04s ago] ('1001',)
2026-08-16 02:02:40,666 INFO sqlalchemy.engine.Engine BEGIN (implicit)
2026-08-16 02:02:40,666 INFO sqlalchemy.engine.Engine SELECT users.id, users.personal_number, users.first_name, users.last_name, users.display_name, users.hashed_password, users.is_active, users.is_admin, users.role_id, users.created_at, users.updated_at 
FROM users 
WHERE users.personal_number = ?
2026-08-16 02:02:40,666 INFO sqlalchemy.engine.Engine [cached since 2.194e+04s ago] ('1001',)
2026-08-16 02:02:40,668 INFO sqlalchemy.engine.Engine ROLLBACK
2026-08-16 02:02:40,669 INFO sqlalchemy.engine.Engine ROLLBACK
INFO:     127.0.0.1:64486 - "GET /api/auth/me HTTP/1.1" 200 OK
INFO:     127.0.0.1:64487 - "GET /api/auth/me HTTP/1.1" 200 OK
2026-08-16 02:02:41,049 INFO sqlalchemy.engine.Engine BEGIN (implicit)
2026-08-16 02:02:41,050 INFO sqlalchemy.engine.Engine SELECT users.id, users.personal_number, users.first_name, users.last_name, users.display_name, users.hashed_password, users.is_active, users.is_admin, users.role_id, users.created_at, users.updated_at 
FROM users 
WHERE users.personal_number = ?
2026-08-16 02:02:41,050 INFO sqlalchemy.engine.Engine [cached since 2.194e+04s ago] ('1001',)
2026-08-16 02:02:41,052 INFO sqlalchemy.engine.Engine SELECT serial_articles.id, serial_articles.article_number, serial_articles.description, serial_articles.pdf_path, serial_articles.extra_metadata, serial_articles.created_at, serial_articles.updated_at 
FROM serial_articles
 LIMIT ? OFFSET ?
2026-08-16 02:02:41,053 INFO sqlalchemy.engine.Engine [cached since 2.041e+04s ago] (100, 0)
2026-08-16 02:02:41,054 INFO sqlalchemy.engine.Engine ROLLBACK
INFO:     127.0.0.1:64495 - "GET /api/serial-articles/ HTTP/1.1" 200 OK
2026-08-16 02:04:42,190 INFO sqlalchemy.engine.Engine BEGIN (implicit)
2026-08-16 02:04:42,190 INFO sqlalchemy.engine.Engine SELECT users.id, users.personal_number, users.first_name, users.last_name, users.display_name, users.hashed_password, users.is_active, users.is_admin, users.role_id, users.created_at, users.updated_at 
FROM users 
WHERE users.personal_number = ?
2026-08-16 02:04:42,191 INFO sqlalchemy.engine.Engine [cached since 2.206e+04s ago] ('1001',)
2026-08-16 02:04:42,193 INFO sqlalchemy.engine.Engine SELECT tools.id, tools.tool_id, tools.category, tools.status, tools.is_storage, tools.allow_duplicate_id, tools.measure_a, tools.measure_b, tools.description, tools.plant_id, tools.tool_type_id, tools.storage_location_id, tools.machine_id, tools.customer_id, tools.created_at, tools.updated_at, plants_1.id AS id_1, plants_1.name, plants_1.created_at AS created_at_1, plants_1.updated_at AS updated_at_1, tool_types_1.id AS id_2, tool_types_1.name AS name_1, tool_types_1.created_at AS created_at_2, tool_types_1.updated_at AS updated_at_2 
FROM tools LEFT OUTER JOIN plants AS plants_1 ON plants_1.id = tools.plant_id LEFT OUTER JOIN tool_types AS tool_types_1 ON tool_types_1.id = tools.tool_type_id
 LIMIT ? OFFSET ?
2026-08-16 02:04:42,193 INFO sqlalchemy.engine.Engine [cached since 2.053e+04s ago] (500, 0)
2026-08-16 02:04:42,195 INFO sqlalchemy.engine.Engine ROLLBACK
INFO:     127.0.0.1:64550 - "GET /api/tools/?limit=500 HTTP/1.1" 200 OK
2026-08-16 02:04:42,200 INFO sqlalchemy.engine.Engine BEGIN (implicit)
2026-08-16 02:04:42,488 INFO sqlalchemy.engine.Engine SELECT users.id, users.personal_number, users.first_name, users.last_name, users.display_name, users.hashed_password, users.is_active, users.is_admin, users.role_id, users.created_at, users.updated_at 
FROM users 
WHERE users.personal_number = ?
2026-08-16 02:04:42,488 INFO sqlalchemy.engine.Engine [cached since 2.206e+04s ago] ('1001',)
2026-08-16 02:04:42,492 INFO sqlalchemy.engine.Engine SELECT tools.id, tools.tool_id, tools.category, tools.status, tools.is_storage, tools.allow_duplicate_id, tools.measure_a, tools.measure_b, tools.description, tools.plant_id, tools.tool_type_id, tools.storage_location_id, tools.machine_id, tools.customer_id, tools.created_at, tools.updated_at, plants_1.id AS id_1, plants_1.name, plants_1.created_at AS created_at_1, plants_1.updated_at AS updated_at_1, tool_types_1.id AS id_2, tool_types_1.name AS name_1, tool_types_1.created_at AS created_at_2, tool_types_1.updated_at AS updated_at_2 
FROM tools LEFT OUTER JOIN plants AS plants_1 ON plants_1.id = tools.plant_id LEFT OUTER JOIN tool_types AS tool_types_1 ON tool_types_1.id = tools.tool_type_id
 LIMIT ? OFFSET ?
2026-08-16 02:04:42,492 INFO sqlalchemy.engine.Engine [cached since 2.053e+04s ago] (500, 0)
2026-08-16 02:04:42,494 INFO sqlalchemy.engine.Engine ROLLBACK
INFO:     127.0.0.1:64552 - "GET /api/tools/?limit=500 HTTP/1.1" 200 OK
2026-08-16 02:04:57,305 INFO sqlalchemy.engine.Engine BEGIN (implicit)
2026-08-16 02:04:57,306 INFO sqlalchemy.engine.Engine SELECT users.id, users.personal_number, users.first_name, users.last_name, users.display_name, users.hashed_password, users.is_active, users.is_admin, users.role_id, users.created_at, users.updated_at 
FROM users 
WHERE users.personal_number = ?
2026-08-16 02:04:57,306 INFO sqlalchemy.engine.Engine [cached since 2.207e+04s ago] ('1001',)
2026-08-16 02:04:57,308 INFO sqlalchemy.engine.Engine SELECT storage_items.id, storage_items.storage_id, storage_items.name, storage_items.type, storage_items.article_number, storage_items.machine_id, storage_items.location_id, storage_items.description, storage_items.allow_duplicate_id, storage_items.created_at, storage_items.updated_at 
FROM storage_items ORDER BY storage_items.storage_id
 LIMIT ? OFFSET ?
2026-08-16 02:04:57,309 INFO sqlalchemy.engine.Engine [cached since 2.055e+04s ago] (500, 0)
2026-08-16 02:04:57,309 INFO sqlalchemy.engine.Engine ROLLBACK
INFO:     127.0.0.1:64566 - "GET /api/storage/?limit=500 HTTP/1.1" 500 Internal Server Error
2026-08-16 02:05:04,365 INFO sqlalchemy.engine.Engine BEGIN (implicit)
2026-08-16 02:05:04,366 INFO sqlalchemy.engine.Engine SELECT users.id, users.personal_number, users.first_name, users.last_name, users.display_name, users.hashed_password, users.is_active, users.is_admin, users.role_id, users.created_at, users.updated_at 
FROM users 
WHERE users.personal_number = ?
2026-08-16 02:05:04,366 INFO sqlalchemy.engine.Engine [cached since 2.208e+04s ago] ('1001',)
2026-08-16 02:05:04,368 INFO sqlalchemy.engine.Engine SELECT serial_articles.id, serial_articles.article_number, serial_articles.description, serial_articles.pdf_path, serial_articles.extra_metadata, serial_articles.created_at, serial_articles.updated_at 
FROM serial_articles
 LIMIT ? OFFSET ?
2026-08-16 02:05:04,369 INFO sqlalchemy.engine.Engine [cached since 2.055e+04s ago] (100, 0)
2026-08-16 02:05:04,370 INFO sqlalchemy.engine.Engine ROLLBACK
INFO:     127.0.0.1:64569 - "GET /api/serial-articles/ HTTP/1.1" 200 OK
2026-08-16 02:05:07,803 INFO sqlalchemy.engine.Engine BEGIN (implicit)
2026-08-16 02:05:07,804 INFO sqlalchemy.engine.Engine SELECT users.id, users.personal_number, users.first_name, users.last_name, users.display_name, users.hashed_password, users.is_active, users.is_admin, users.role_id, users.created_at, users.updated_at 
FROM users 
WHERE users.personal_number = ?
2026-08-16 02:05:07,804 INFO sqlalchemy.engine.Engine [cached since 2.209e+04s ago] ('1001',)
2026-08-16 02:05:07,807 INFO sqlalchemy.engine.Engine SELECT tools.id, tools.tool_id, tools.category, tools.status, tools.is_storage, tools.allow_duplicate_id, tools.measure_a, tools.measure_b, tools.description, tools.plant_id, tools.tool_type_id, tools.storage_location_id, tools.machine_id, tools.customer_id, tools.created_at, tools.updated_at, plants_1.id AS id_1, plants_1.name, plants_1.created_at AS created_at_1, plants_1.updated_at AS updated_at_1, tool_types_1.id AS id_2, tool_types_1.name AS name_1, tool_types_1.created_at AS created_at_2, tool_types_1.updated_at AS updated_at_2 
FROM tools LEFT OUTER JOIN plants AS plants_1 ON plants_1.id = tools.plant_id LEFT OUTER JOIN tool_types AS tool_types_1 ON tool_types_1.id = tools.tool_type_id
 LIMIT ? OFFSET ?
2026-08-16 02:05:07,807 INFO sqlalchemy.engine.Engine [cached since 2.056e+04s ago] (500, 0)
2026-08-16 02:05:07,808 INFO sqlalchemy.engine.Engine ROLLBACK
INFO:     127.0.0.1:64571 - "GET /api/tools/?limit=500 HTTP/1.1" 200 OK
2026-08-16 02:05:07,814 INFO sqlalchemy.engine.Engine BEGIN (implicit)
2026-08-16 02:05:07,819 INFO sqlalchemy.engine.Engine SELECT users.id, users.personal_number, users.first_name, users.last_name, users.display_name, users.hashed_password, users.is_active, users.is_admin, users.role_id, users.created_at, users.updated_at 
FROM users 
WHERE users.personal_number = ?
2026-08-16 02:05:07,820 INFO sqlalchemy.engine.Engine [cached since 2.209e+04s ago] ('1001',)
2026-08-16 02:05:07,822 INFO sqlalchemy.engine.Engine SELECT tools.id, tools.tool_id, tools.category, tools.status, tools.is_storage, tools.allow_duplicate_id, tools.measure_a, tools.measure_b, tools.description, tools.plant_id, tools.tool_type_id, tools.storage_location_id, tools.machine_id, tools.customer_id, tools.created_at, tools.updated_at, plants_1.id AS id_1, plants_1.name, plants_1.created_at AS created_at_1, plants_1.updated_at AS updated_at_1, tool_types_1.id AS id_2, tool_types_1.name AS name_1, tool_types_1.created_at AS created_at_2, tool_types_1.updated_at AS updated_at_2 
FROM tools LEFT OUTER JOIN plants AS plants_1 ON plants_1.id = tools.plant_id LEFT OUTER JOIN tool_types AS tool_types_1 ON tool_types_1.id = tools.tool_type_id
 LIMIT ? OFFSET ?
2026-08-16 02:05:07,822 INFO sqlalchemy.engine.Engine [cached since 2.056e+04s ago] (500, 0)
2026-08-16 02:05:07,824 INFO sqlalchemy.engine.Engine ROLLBACK
INFO:     127.0.0.1:64573 - "GET /api/tools/?limit=500 HTTP/1.1" 200 OK
INFO:     127.0.0.1:54103 - "GET /api/auth/me HTTP/1.1" 401 Unauthorized
INFO:     127.0.0.1:54104 - "GET /api/auth/me HTTP/1.1" 401 Unauthorized
2026-08-16 02:09:45,875 INFO sqlalchemy.engine.Engine BEGIN (implicit)
2026-08-16 02:09:45,876 INFO sqlalchemy.engine.Engine SELECT users.id, users.personal_number, users.first_name, users.last_name, users.display_name, users.hashed_password, users.is_active, users.is_admin, users.role_id, users.created_at, users.updated_at 
FROM users 
WHERE users.personal_number = ?
2026-08-16 02:09:45,876 INFO sqlalchemy.engine.Engine [cached since 2.236e+04s ago] ('1001',)
2026-08-16 02:09:45,878 INFO sqlalchemy.engine.Engine ROLLBACK
INFO:     127.0.0.1:54107 - "POST /api/auth/login HTTP/1.1" 200 OK
2026-08-16 02:09:46,231 INFO sqlalchemy.engine.Engine BEGIN (implicit)
2026-08-16 02:09:46,232 INFO sqlalchemy.engine.Engine SELECT users.id, users.personal_number, users.first_name, users.last_name, users.display_name, users.hashed_password, users.is_active, users.is_admin, users.role_id, users.created_at, users.updated_at 
FROM users 
WHERE users.personal_number = ?
2026-08-16 02:09:46,232 INFO sqlalchemy.engine.Engine [cached since 2.236e+04s ago] ('1001',)
2026-08-16 02:09:46,235 INFO sqlalchemy.engine.Engine SELECT serial_articles.id, serial_articles.article_number, serial_articles.description, serial_articles.pdf_path, serial_articles.extra_metadata, serial_articles.created_at, serial_articles.updated_at 
FROM serial_articles
 LIMIT ? OFFSET ?
2026-08-16 02:09:46,235 INFO sqlalchemy.engine.Engine [cached since 2.084e+04s ago] (100, 0)
2026-08-16 02:09:46,236 INFO sqlalchemy.engine.Engine ROLLBACK
INFO:     127.0.0.1:54109 - "GET /api/serial-articles/ HTTP/1.1" 200 OK
2026-08-16 02:10:31,696 INFO sqlalchemy.engine.Engine BEGIN (implicit)
2026-08-16 02:10:31,696 INFO sqlalchemy.engine.Engine SELECT users.id, users.personal_number, users.first_name, users.last_name, users.display_name, users.hashed_password, users.is_active, users.is_admin, users.role_id, users.created_at, users.updated_at 
FROM users 
WHERE users.personal_number = ?
2026-08-16 02:10:31,697 INFO sqlalchemy.engine.Engine [cached since 2.241e+04s ago] ('1001',)
2026-08-16 02:10:31,699 INFO sqlalchemy.engine.Engine SELECT tools.id, tools.tool_id, tools.category, tools.status, tools.is_storage, tools.allow_duplicate_id, tools.measure_a, tools.measure_b, tools.description, tools.plant_id, tools.tool_type_id, tools.storage_location_id, tools.machine_id, tools.customer_id, tools.created_at, tools.updated_at, plants_1.id AS id_1, plants_1.name, plants_1.created_at AS created_at_1, plants_1.updated_at AS updated_at_1, tool_types_1.id AS id_2, tool_types_1.name AS name_1, tool_types_1.created_at AS created_at_2, tool_types_1.updated_at AS updated_at_2 
FROM tools LEFT OUTER JOIN plants AS plants_1 ON plants_1.id = tools.plant_id LEFT OUTER JOIN tool_types AS tool_types_1 ON tool_types_1.id = tools.tool_type_id
 LIMIT ? OFFSET ?
2026-08-16 02:10:31,699 INFO sqlalchemy.engine.Engine [cached since 2.088e+04s ago] (500, 0)
2026-08-16 02:10:31,701 INFO sqlalchemy.engine.Engine ROLLBACK
INFO:     127.0.0.1:54120 - "GET /api/tools/?limit=500 HTTP/1.1" 200 OK
2026-08-16 02:10:31,707 INFO sqlalchemy.engine.Engine BEGIN (implicit)
2026-08-16 02:10:31,713 INFO sqlalchemy.engine.Engine SELECT users.id, users.personal_number, users.first_name, users.last_name, users.display_name, users.hashed_password, users.is_active, users.is_admin, users.role_id, users.created_at, users.updated_at 
FROM users 
WHERE users.personal_number = ?
2026-08-16 02:10:31,713 INFO sqlalchemy.engine.Engine [cached since 2.241e+04s ago] ('1001',)
2026-08-16 02:10:31,715 INFO sqlalchemy.engine.Engine SELECT tools.id, tools.tool_id, tools.category, tools.status, tools.is_storage, tools.allow_duplicate_id, tools.measure_a, tools.measure_b, tools.description, tools.plant_id, tools.tool_type_id, tools.storage_location_id, tools.machine_id, tools.customer_id, tools.created_at, tools.updated_at, plants_1.id AS id_1, plants_1.name, plants_1.created_at AS created_at_1, plants_1.updated_at AS updated_at_1, tool_types_1.id AS id_2, tool_types_1.name AS name_1, tool_types_1.created_at AS created_at_2, tool_types_1.updated_at AS updated_at_2 
FROM tools LEFT OUTER JOIN plants AS plants_1 ON plants_1.id = tools.plant_id LEFT OUTER JOIN tool_types AS tool_types_1 ON tool_types_1.id = tools.tool_type_id
 LIMIT ? OFFSET ?
2026-08-16 02:10:31,715 INFO sqlalchemy.engine.Engine [cached since 2.088e+04s ago] (500, 0)
2026-08-16 02:10:31,717 INFO sqlalchemy.engine.Engine ROLLBACK
INFO:     127.0.0.1:54122 - "GET /api/tools/?limit=500 HTTP/1.1" 200 OK
2026-08-16 02:10:32,824 INFO sqlalchemy.engine.Engine BEGIN (implicit)
2026-08-16 02:10:32,825 INFO sqlalchemy.engine.Engine SELECT users.id, users.personal_number, users.first_name, users.last_name, users.display_name, users.hashed_password, users.is_active, users.is_admin, users.role_id, users.created_at, users.updated_at 
FROM users 
WHERE users.personal_number = ?
2026-08-16 02:10:32,826 INFO sqlalchemy.engine.Engine [cached since 2.241e+04s ago] ('1001',)
2026-08-16 02:10:32,828 INFO sqlalchemy.engine.Engine SELECT storage_items.id, storage_items.storage_id, storage_items.name, storage_items.type, storage_items.article_number, storage_items.machine_id, storage_items.location_id, storage_items.description, storage_items.allow_duplicate_id, storage_items.created_at, storage_items.updated_at 
FROM storage_items ORDER BY storage_items.storage_id
 LIMIT ? OFFSET ?
2026-08-16 02:10:32,828 INFO sqlalchemy.engine.Engine [cached since 2.088e+04s ago] (500, 0)
2026-08-16 02:10:32,829 INFO sqlalchemy.engine.Engine ROLLBACK
INFO:     127.0.0.1:54124 - "GET /api/storage/?limit=500 HTTP/1.1" 500 Internal Server Error
2026-08-16 02:10:35,344 INFO sqlalchemy.engine.Engine BEGIN (implicit)
2026-08-16 02:10:35,344 INFO sqlalchemy.engine.Engine SELECT users.id, users.personal_number, users.first_name, users.last_name, users.display_name, users.hashed_password, users.is_active, users.is_admin, users.role_id, users.created_at, users.updated_at 
FROM users 
WHERE users.personal_number = ?
2026-08-16 02:10:35,344 INFO sqlalchemy.engine.Engine [cached since 2.241e+04s ago] ('1001',)
2026-08-16 02:10:35,347 INFO sqlalchemy.engine.Engine SELECT serial_articles.id, serial_articles.article_number, serial_articles.description, serial_articles.pdf_path, serial_articles.extra_metadata, serial_articles.created_at, serial_articles.updated_at 
FROM serial_articles
 LIMIT ? OFFSET ?
2026-08-16 02:10:35,347 INFO sqlalchemy.engine.Engine [cached since 2.088e+04s ago] (100, 0)
2026-08-16 02:10:35,348 INFO sqlalchemy.engine.Engine ROLLBACK
INFO:     127.0.0.1:54126 - "GET /api/serial-articles/ HTTP/1.1" 200 OK
2026-08-16 02:10:35,918 INFO sqlalchemy.engine.Engine BEGIN (implicit)
2026-08-16 02:10:35,919 INFO sqlalchemy.engine.Engine SELECT users.id, users.personal_number, users.first_name, users.last_name, users.display_name, users.hashed_password, users.is_active, users.is_admin, users.role_id, users.created_at, users.updated_at 
FROM users 
WHERE users.personal_number = ?
2026-08-16 02:10:35,919 INFO sqlalchemy.engine.Engine [cached since 2.241e+04s ago] ('1001',)
2026-08-16 02:10:35,921 INFO sqlalchemy.engine.Engine SELECT tools.id, tools.tool_id, tools.category, tools.status, tools.is_storage, tools.allow_duplicate_id, tools.measure_a, tools.measure_b, tools.description, tools.plant_id, tools.tool_type_id, tools.storage_location_id, tools.machine_id, tools.customer_id, tools.created_at, tools.updated_at, plants_1.id AS id_1, plants_1.name, plants_1.created_at AS created_at_1, plants_1.updated_at AS updated_at_1, tool_types_1.id AS id_2, tool_types_1.name AS name_1, tool_types_1.created_at AS created_at_2, tool_types_1.updated_at AS updated_at_2 
FROM tools LEFT OUTER JOIN plants AS plants_1 ON plants_1.id = tools.plant_id LEFT OUTER JOIN tool_types AS tool_types_1 ON tool_types_1.id = tools.tool_type_id
 LIMIT ? OFFSET ?
2026-08-16 02:10:35,922 INFO sqlalchemy.engine.Engine [cached since 2.089e+04s ago] (500, 0)
2026-08-16 02:10:35,923 INFO sqlalchemy.engine.Engine ROLLBACK
INFO:     127.0.0.1:54128 - "GET /api/tools/?limit=500 HTTP/1.1" 200 OK
2026-08-16 02:10:35,929 INFO sqlalchemy.engine.Engine BEGIN (implicit)
2026-08-16 02:10:35,935 INFO sqlalchemy.engine.Engine SELECT users.id, users.personal_number, users.first_name, users.last_name, users.display_name, users.hashed_password, users.is_active, users.is_admin, users.role_id, users.created_at, users.updated_at 
FROM users 
WHERE users.personal_number = ?
2026-08-16 02:10:35,936 INFO sqlalchemy.engine.Engine [cached since 2.241e+04s ago] ('1001',)
2026-08-16 02:10:35,937 INFO sqlalchemy.engine.Engine SELECT tools.id, tools.tool_id, tools.category, tools.status, tools.is_storage, tools.allow_duplicate_id, tools.measure_a, tools.measure_b, tools.description, tools.plant_id, tools.tool_type_id, tools.storage_location_id, tools.machine_id, tools.customer_id, tools.created_at, tools.updated_at, plants_1.id AS id_1, plants_1.name, plants_1.created_at AS created_at_1, plants_1.updated_at AS updated_at_1, tool_types_1.id AS id_2, tool_types_1.name AS name_1, tool_types_1.created_at AS created_at_2, tool_types_1.updated_at AS updated_at_2 
FROM tools LEFT OUTER JOIN plants AS plants_1 ON plants_1.id = tools.plant_id LEFT OUTER JOIN tool_types AS tool_types_1 ON tool_types_1.id = tools.tool_type_id
 LIMIT ? OFFSET ?
2026-08-16 02:10:35,938 INFO sqlalchemy.engine.Engine [cached since 2.089e+04s ago] (500, 0)
2026-08-16 02:10:35,940 INFO sqlalchemy.engine.Engine ROLLBACK
INFO:     127.0.0.1:54130 - "GET /api/tools/?limit=500 HTTP/1.1" 200 OK
2026-08-16 02:10:36,649 INFO sqlalchemy.engine.Engine BEGIN (implicit)
2026-08-16 02:10:36,650 INFO sqlalchemy.engine.Engine SELECT users.id, users.personal_number, users.first_name, users.last_name, users.display_name, users.hashed_password, users.is_active, users.is_admin, users.role_id, users.created_at, users.updated_at 
FROM users 
WHERE users.personal_number = ?
2026-08-16 02:10:36,650 INFO sqlalchemy.engine.Engine [cached since 2.241e+04s ago] ('1001',)
2026-08-16 02:10:36,652 INFO sqlalchemy.engine.Engine SELECT storage_items.id, storage_items.storage_id, storage_items.name, storage_items.type, storage_items.article_number, storage_items.machine_id, storage_items.location_id, storage_items.description, storage_items.allow_duplicate_id, storage_items.created_at, storage_items.updated_at 
FROM storage_items ORDER BY storage_items.storage_id
 LIMIT ? OFFSET ?
2026-08-16 02:10:36,652 INFO sqlalchemy.engine.Engine [cached since 2.089e+04s ago] (500, 0)
2026-08-16 02:10:36,653 INFO sqlalchemy.engine.Engine ROLLBACK
INFO:     127.0.0.1:54132 - "GET /api/storage/?limit=500 HTTP/1.1" 500 Internal Server Error
2026-08-16 02:10:37,713 INFO sqlalchemy.engine.Engine BEGIN (implicit)
2026-08-16 02:10:37,713 INFO sqlalchemy.engine.Engine SELECT users.id, users.personal_number, users.first_name, users.last_name, users.display_name, users.hashed_password, users.is_active, users.is_admin, users.role_id, users.created_at, users.updated_at 
FROM users 
WHERE users.personal_number = ?
2026-08-16 02:10:37,714 INFO sqlalchemy.engine.Engine [cached since 2.241e+04s ago] ('1001',)
2026-08-16 02:10:37,716 INFO sqlalchemy.engine.Engine SELECT serial_articles.id, serial_articles.article_number, serial_articles.description, serial_articles.pdf_path, serial_articles.extra_metadata, serial_articles.created_at, serial_articles.updated_at 
FROM serial_articles
 LIMIT ? OFFSET ?
2026-08-16 02:10:37,716 INFO sqlalchemy.engine.Engine [cached since 2.089e+04s ago] (100, 0)
2026-08-16 02:10:37,717 INFO sqlalchemy.engine.Engine ROLLBACK
INFO:     127.0.0.1:54134 - "GET /api/serial-articles/ HTTP/1.1" 200 OK
2026-08-16 02:10:39,404 INFO sqlalchemy.engine.Engine BEGIN (implicit)
2026-08-16 02:10:39,405 INFO sqlalchemy.engine.Engine SELECT users.id, users.personal_number, users.first_name, users.last_name, users.display_name, users.hashed_password, users.is_active, users.is_admin, users.role_id, users.created_at, users.updated_at 
FROM users 
WHERE users.personal_number = ?
2026-08-16 02:10:39,405 INFO sqlalchemy.engine.Engine [cached since 2.242e+04s ago] ('1001',)
2026-08-16 02:10:39,407 INFO sqlalchemy.engine.Engine SELECT tools.id, tools.tool_id, tools.category, tools.status, tools.is_storage, tools.allow_duplicate_id, tools.measure_a, tools.measure_b, tools.description, tools.plant_id, tools.tool_type_id, tools.storage_location_id, tools.machine_id, tools.customer_id, tools.created_at, tools.updated_at, plants_1.id AS id_1, plants_1.name, plants_1.created_at AS created_at_1, plants_1.updated_at AS updated_at_1, tool_types_1.id AS id_2, tool_types_1.name AS name_1, tool_types_1.created_at AS created_at_2, tool_types_1.updated_at AS updated_at_2 
FROM tools LEFT OUTER JOIN plants AS plants_1 ON plants_1.id = tools.plant_id LEFT OUTER JOIN tool_types AS tool_types_1 ON tool_types_1.id = tools.tool_type_id
 LIMIT ? OFFSET ?
2026-08-16 02:10:39,407 INFO sqlalchemy.engine.Engine [cached since 2.089e+04s ago] (500, 0)
2026-08-16 02:10:39,409 INFO sqlalchemy.engine.Engine ROLLBACK
INFO:     127.0.0.1:54136 - "GET /api/tools/?limit=500 HTTP/1.1" 200 OK
2026-08-16 02:10:39,415 INFO sqlalchemy.engine.Engine BEGIN (implicit)
2026-08-16 02:10:39,420 INFO sqlalchemy.engine.Engine SELECT users.id, users.personal_number, users.first_name, users.last_name, users.display_name, users.hashed_password, users.is_active, users.is_admin, users.role_id, users.created_at, users.updated_at 
FROM users 
WHERE users.personal_number = ?
2026-08-16 02:10:39,420 INFO sqlalchemy.engine.Engine [cached since 2.242e+04s ago] ('1001',)
2026-08-16 02:10:39,422 INFO sqlalchemy.engine.Engine SELECT tools.id, tools.tool_id, tools.category, tools.status, tools.is_storage, tools.allow_duplicate_id, tools.measure_a, tools.measure_b, tools.description, tools.plant_id, tools.tool_type_id, tools.storage_location_id, tools.machine_id, tools.customer_id, tools.created_at, tools.updated_at, plants_1.id AS id_1, plants_1.name, plants_1.created_at AS created_at_1, plants_1.updated_at AS updated_at_1, tool_types_1.id AS id_2, tool_types_1.name AS name_1, tool_types_1.created_at AS created_at_2, tool_types_1.updated_at AS updated_at_2 
FROM tools LEFT OUTER JOIN plants AS plants_1 ON plants_1.id = tools.plant_id LEFT OUTER JOIN tool_types AS tool_types_1 ON tool_types_1.id = tools.tool_type_id
 LIMIT ? OFFSET ?
2026-08-16 02:10:39,423 INFO sqlalchemy.engine.Engine [cached since 2.089e+04s ago] (500, 0)
2026-08-16 02:10:39,424 INFO sqlalchemy.engine.Engine ROLLBACK
INFO:     127.0.0.1:54138 - "GET /api/tools/?limit=500 HTTP/1.1" 200 OK
2026-08-16 02:10:41,427 INFO sqlalchemy.engine.Engine BEGIN (implicit)
2026-08-16 02:10:41,428 INFO sqlalchemy.engine.Engine SELECT users.id, users.personal_number, users.first_name, users.last_name, users.display_name, users.hashed_password, users.is_active, users.is_admin, users.role_id, users.created_at, users.updated_at 
FROM users 
WHERE users.personal_number = ?
2026-08-16 02:10:41,428 INFO sqlalchemy.engine.Engine [cached since 2.242e+04s ago] ('1001',)
2026-08-16 02:10:41,430 INFO sqlalchemy.engine.Engine SELECT storage_items.id, storage_items.storage_id, storage_items.name, storage_items.type, storage_items.article_number, storage_items.machine_id, storage_items.location_id, storage_items.description, storage_items.allow_duplicate_id, storage_items.created_at, storage_items.updated_at 
FROM storage_items ORDER BY storage_items.storage_id
 LIMIT ? OFFSET ?
2026-08-16 02:10:41,431 INFO sqlalchemy.engine.Engine [cached since 2.089e+04s ago] (500, 0)
2026-08-16 02:10:41,431 INFO sqlalchemy.engine.Engine ROLLBACK
INFO:     127.0.0.1:54146 - "GET /api/storage/?limit=500 HTTP/1.1" 500 Internal Server Error
2026-08-16 02:10:42,725 INFO sqlalchemy.engine.Engine BEGIN (implicit)
2026-08-16 02:10:42,726 INFO sqlalchemy.engine.Engine SELECT users.id, users.personal_number, users.first_name, users.last_name, users.display_name, users.hashed_password, users.is_active, users.is_admin, users.role_id, users.created_at, users.updated_at 
FROM users 
WHERE users.personal_number = ?
2026-08-16 02:10:42,726 INFO sqlalchemy.engine.Engine [cached since 2.242e+04s ago] ('1001',)
2026-08-16 02:10:42,728 INFO sqlalchemy.engine.Engine SELECT serial_articles.id, serial_articles.article_number, serial_articles.description, serial_articles.pdf_path, serial_articles.extra_metadata, serial_articles.created_at, serial_articles.updated_at 
FROM serial_articles
 LIMIT ? OFFSET ?
2026-08-16 02:10:42,728 INFO sqlalchemy.engine.Engine [cached since 2.089e+04s ago] (100, 0)
2026-08-16 02:10:42,729 INFO sqlalchemy.engine.Engine ROLLBACK
INFO:     127.0.0.1:54148 - "GET /api/serial-articles/ HTTP/1.1" 200 OK
2026-08-16 02:13:28,403 INFO sqlalchemy.engine.Engine BEGIN (implicit)
2026-08-16 02:13:28,404 INFO sqlalchemy.engine.Engine SELECT users.id, users.personal_number, users.first_name, users.last_name, users.display_name, users.hashed_password, users.is_active, users.is_admin, users.role_id, users.created_at, users.updated_at 
FROM users 
WHERE users.personal_number = ?
2026-08-16 02:13:28,404 INFO sqlalchemy.engine.Engine [cached since 2.259e+04s ago] ('1001',)
2026-08-16 02:13:28,406 INFO sqlalchemy.engine.Engine SELECT serial_articles.id, serial_articles.article_number, serial_articles.description, serial_articles.pdf_path, serial_articles.extra_metadata, serial_articles.created_at, serial_articles.updated_at 
FROM serial_articles
 LIMIT ? OFFSET ?
2026-08-16 02:13:28,406 INFO sqlalchemy.engine.Engine [cached since 2.106e+04s ago] (100, 0)
2026-08-16 02:13:28,407 INFO sqlalchemy.engine.Engine ROLLBACK
INFO:     127.0.0.1:49219 - "GET /api/serial-articles/ HTTP/1.1" 200 OK
2026-08-16 02:14:15,288 INFO sqlalchemy.engine.Engine BEGIN (implicit)
2026-08-16 02:14:15,289 INFO sqlalchemy.engine.Engine SELECT users.id, users.personal_number, users.first_name, users.last_name, users.display_name, users.hashed_password, users.is_active, users.is_admin, users.role_id, users.created_at, users.updated_at 
FROM users 
WHERE users.personal_number = ?
2026-08-16 02:14:15,289 INFO sqlalchemy.engine.Engine [cached since 2.263e+04s ago] ('1001',)
2026-08-16 02:14:15,289 INFO sqlalchemy.engine.Engine BEGIN (implicit)
2026-08-16 02:14:15,290 INFO sqlalchemy.engine.Engine SELECT users.id, users.personal_number, users.first_name, users.last_name, users.display_name, users.hashed_password, users.is_active, users.is_admin, users.role_id, users.created_at, users.updated_at 
FROM users 
WHERE users.personal_number = ?
2026-08-16 02:14:15,290 INFO sqlalchemy.engine.Engine [cached since 2.263e+04s ago] ('1001',)
2026-08-16 02:14:15,291 INFO sqlalchemy.engine.Engine ROLLBACK
2026-08-16 02:14:15,292 INFO sqlalchemy.engine.Engine ROLLBACK
INFO:     127.0.0.1:49267 - "GET /api/auth/me HTTP/1.1" 200 OK
INFO:     127.0.0.1:49270 - "GET /api/auth/me HTTP/1.1" 200 OK
2026-08-16 02:14:15,654 INFO sqlalchemy.engine.Engine BEGIN (implicit)
2026-08-16 02:14:15,654 INFO sqlalchemy.engine.Engine SELECT users.id, users.personal_number, users.first_name, users.last_name, users.display_name, users.hashed_password, users.is_active, users.is_admin, users.role_id, users.created_at, users.updated_at 
FROM users 
WHERE users.personal_number = ?
2026-08-16 02:14:15,655 INFO sqlalchemy.engine.Engine [cached since 2.263e+04s ago] ('1001',)
2026-08-16 02:14:15,657 INFO sqlalchemy.engine.Engine SELECT serial_articles.id, serial_articles.article_number, serial_articles.description, serial_articles.pdf_path, serial_articles.extra_metadata, serial_articles.created_at, serial_articles.updated_at 
FROM serial_articles
 LIMIT ? OFFSET ?
2026-08-16 02:14:15,657 INFO sqlalchemy.engine.Engine [cached since 2.11e+04s ago] (100, 0)
2026-08-16 02:14:15,658 INFO sqlalchemy.engine.Engine ROLLBACK
INFO:     127.0.0.1:49271 - "GET /api/serial-articles/ HTTP/1.1" 200 OK
2026-08-16 02:14:31,076 INFO sqlalchemy.engine.Engine BEGIN (implicit)
2026-08-16 02:14:31,076 INFO sqlalchemy.engine.Engine SELECT users.id, users.personal_number, users.first_name, users.last_name, users.display_name, users.hashed_password, users.is_active, users.is_admin, users.role_id, users.created_at, users.updated_at 
FROM users 
WHERE users.personal_number = ?
2026-08-16 02:14:31,077 INFO sqlalchemy.engine.Engine [cached since 2.265e+04s ago] ('1001',)
2026-08-16 02:14:31,080 INFO sqlalchemy.engine.Engine SELECT tools.id, tools.tool_id, tools.category, tools.status, tools.is_storage, tools.allow_duplicate_id, tools.measure_a, tools.measure_b, tools.description, tools.plant_id, tools.tool_type_id, tools.storage_location_id, tools.machine_id, tools.customer_id, tools.created_at, tools.updated_at, plants_1.id AS id_1, plants_1.name, plants_1.created_at AS created_at_1, plants_1.updated_at AS updated_at_1, tool_types_1.id AS id_2, tool_types_1.name AS name_1, tool_types_1.created_at AS created_at_2, tool_types_1.updated_at AS updated_at_2 
FROM tools LEFT OUTER JOIN plants AS plants_1 ON plants_1.id = tools.plant_id LEFT OUTER JOIN tool_types AS tool_types_1 ON tool_types_1.id = tools.tool_type_id
 LIMIT ? OFFSET ?
2026-08-16 02:14:31,366 INFO sqlalchemy.engine.Engine [cached since 2.112e+04s ago] (500, 0)
2026-08-16 02:14:31,368 INFO sqlalchemy.engine.Engine ROLLBACK
INFO:     127.0.0.1:49280 - "GET /api/tools/?limit=500 HTTP/1.1" 200 OK
2026-08-16 02:14:31,375 INFO sqlalchemy.engine.Engine BEGIN (implicit)
2026-08-16 02:14:31,375 INFO sqlalchemy.engine.Engine SELECT users.id, users.personal_number, users.first_name, users.last_name, users.display_name, users.hashed_password, users.is_active, users.is_admin, users.role_id, users.created_at, users.updated_at 
FROM users 
WHERE users.personal_number = ?
2026-08-16 02:14:31,376 INFO sqlalchemy.engine.Engine [cached since 2.265e+04s ago] ('1001',)
2026-08-16 02:14:31,378 INFO sqlalchemy.engine.Engine SELECT tools.id, tools.tool_id, tools.category, tools.status, tools.is_storage, tools.allow_duplicate_id, tools.measure_a, tools.measure_b, tools.description, tools.plant_id, tools.tool_type_id, tools.storage_location_id, tools.machine_id, tools.customer_id, tools.created_at, tools.updated_at, plants_1.id AS id_1, plants_1.name, plants_1.created_at AS created_at_1, plants_1.updated_at AS updated_at_1, tool_types_1.id AS id_2, tool_types_1.name AS name_1, tool_types_1.created_at AS created_at_2, tool_types_1.updated_at AS updated_at_2 
FROM tools LEFT OUTER JOIN plants AS plants_1 ON plants_1.id = tools.plant_id LEFT OUTER JOIN tool_types AS tool_types_1 ON tool_types_1.id = tools.tool_type_id
 LIMIT ? OFFSET ?
2026-08-16 02:14:31,378 INFO sqlalchemy.engine.Engine [cached since 2.112e+04s ago] (500, 0)
2026-08-16 02:14:31,380 INFO sqlalchemy.engine.Engine ROLLBACK
INFO:     127.0.0.1:49282 - "GET /api/tools/?limit=500 HTTP/1.1" 200 OK
2026-08-16 02:14:33,126 INFO sqlalchemy.engine.Engine BEGIN (implicit)
2026-08-16 02:14:33,127 INFO sqlalchemy.engine.Engine SELECT users.id, users.personal_number, users.first_name, users.last_name, users.display_name, users.hashed_password, users.is_active, users.is_admin, users.role_id, users.created_at, users.updated_at 
FROM users 
WHERE users.personal_number = ?
2026-08-16 02:14:33,128 INFO sqlalchemy.engine.Engine [cached since 2.265e+04s ago] ('1001',)
2026-08-16 02:14:33,130 INFO sqlalchemy.engine.Engine SELECT storage_items.id, storage_items.storage_id, storage_items.name, storage_items.type, storage_items.article_number, storage_items.machine_id, storage_items.location_id, storage_items.description, storage_items.allow_duplicate_id, storage_items.created_at, storage_items.updated_at 
FROM storage_items ORDER BY storage_items.storage_id
 LIMIT ? OFFSET ?
2026-08-16 02:14:33,130 INFO sqlalchemy.engine.Engine [cached since 2.112e+04s ago] (500, 0)
2026-08-16 02:14:33,131 INFO sqlalchemy.engine.Engine ROLLBACK
INFO:     127.0.0.1:49285 - "GET /api/storage/?limit=500 HTTP/1.1" 500 Internal Server Error
2026-08-16 02:14:35,101 INFO sqlalchemy.engine.Engine BEGIN (implicit)
2026-08-16 02:14:35,101 INFO sqlalchemy.engine.Engine SELECT users.id, users.personal_number, users.first_name, users.last_name, users.display_name, users.hashed_password, users.is_active, users.is_admin, users.role_id, users.created_at, users.updated_at 
FROM users 
WHERE users.personal_number = ?
2026-08-16 02:14:35,102 INFO sqlalchemy.engine.Engine [cached since 2.265e+04s ago] ('1001',)
2026-08-16 02:14:35,103 INFO sqlalchemy.engine.Engine SELECT serial_articles.id, serial_articles.article_number, serial_articles.description, serial_articles.pdf_path, serial_articles.extra_metadata, serial_articles.created_at, serial_articles.updated_at 
FROM serial_articles
 LIMIT ? OFFSET ?
2026-08-16 02:14:35,104 INFO sqlalchemy.engine.Engine [cached since 2.112e+04s ago] (100, 0)
2026-08-16 02:14:35,105 INFO sqlalchemy.engine.Engine ROLLBACK
INFO:     127.0.0.1:49287 - "GET /api/serial-articles/ HTTP/1.1" 200 OK
2026-08-16 02:16:36,102 INFO sqlalchemy.engine.Engine BEGIN (implicit)
2026-08-16 02:16:36,103 INFO sqlalchemy.engine.Engine SELECT users.id, users.personal_number, users.first_name, users.last_name, users.display_name, users.hashed_password, users.is_active, users.is_admin, users.role_id, users.created_at, users.updated_at 
FROM users 
WHERE users.personal_number = ?
2026-08-16 02:16:36,103 INFO sqlalchemy.engine.Engine [cached since 2.277e+04s ago] ('1001',)
2026-08-16 02:16:36,106 INFO sqlalchemy.engine.Engine SELECT tools.id, tools.tool_id, tools.category, tools.status, tools.is_storage, tools.allow_duplicate_id, tools.measure_a, tools.measure_b, tools.description, tools.plant_id, tools.tool_type_id, tools.storage_location_id, tools.machine_id, tools.customer_id, tools.created_at, tools.updated_at, plants_1.id AS id_1, plants_1.name, plants_1.created_at AS created_at_1, plants_1.updated_at AS updated_at_1, tool_types_1.id AS id_2, tool_types_1.name AS name_1, tool_types_1.created_at AS created_at_2, tool_types_1.updated_at AS updated_at_2 
FROM tools LEFT OUTER JOIN plants AS plants_1 ON plants_1.id = tools.plant_id LEFT OUTER JOIN tool_types AS tool_types_1 ON tool_types_1.id = tools.tool_type_id
 LIMIT ? OFFSET ?
2026-08-16 02:16:36,106 INFO sqlalchemy.engine.Engine [cached since 2.125e+04s ago] (500, 0)
2026-08-16 02:16:36,107 INFO sqlalchemy.engine.Engine ROLLBACK
INFO:     127.0.0.1:49464 - "GET /api/tools/?limit=500 HTTP/1.1" 200 OK
2026-08-16 02:16:36,114 INFO sqlalchemy.engine.Engine BEGIN (implicit)
2026-08-16 02:16:36,118 INFO sqlalchemy.engine.Engine SELECT users.id, users.personal_number, users.first_name, users.last_name, users.display_name, users.hashed_password, users.is_active, users.is_admin, users.role_id, users.created_at, users.updated_at 
FROM users 
WHERE users.personal_number = ?
2026-08-16 02:16:36,119 INFO sqlalchemy.engine.Engine [cached since 2.277e+04s ago] ('1001',)
2026-08-16 02:16:36,121 INFO sqlalchemy.engine.Engine SELECT tools.id, tools.tool_id, tools.category, tools.status, tools.is_storage, tools.allow_duplicate_id, tools.measure_a, tools.measure_b, tools.description, tools.plant_id, tools.tool_type_id, tools.storage_location_id, tools.machine_id, tools.customer_id, tools.created_at, tools.updated_at, plants_1.id AS id_1, plants_1.name, plants_1.created_at AS created_at_1, plants_1.updated_at AS updated_at_1, tool_types_1.id AS id_2, tool_types_1.name AS name_1, tool_types_1.created_at AS created_at_2, tool_types_1.updated_at AS updated_at_2 
FROM tools LEFT OUTER JOIN plants AS plants_1 ON plants_1.id = tools.plant_id LEFT OUTER JOIN tool_types AS tool_types_1 ON tool_types_1.id = tools.tool_type_id
 LIMIT ? OFFSET ?
2026-08-16 02:16:36,121 INFO sqlalchemy.engine.Engine [cached since 2.125e+04s ago] (500, 0)
2026-08-16 02:16:36,123 INFO sqlalchemy.engine.Engine ROLLBACK
INFO:     127.0.0.1:49466 - "GET /api/tools/?limit=500 HTTP/1.1" 200 OK
2026-08-16 02:16:38,226 INFO sqlalchemy.engine.Engine BEGIN (implicit)
2026-08-16 02:16:38,226 INFO sqlalchemy.engine.Engine SELECT users.id, users.personal_number, users.first_name, users.last_name, users.display_name, users.hashed_password, users.is_active, users.is_admin, users.role_id, users.created_at, users.updated_at 
FROM users 
WHERE users.personal_number = ?
2026-08-16 02:16:38,226 INFO sqlalchemy.engine.Engine [cached since 2.278e+04s ago] ('1001',)
2026-08-16 02:16:38,228 INFO sqlalchemy.engine.Engine SELECT storage_items.id, storage_items.storage_id, storage_items.name, storage_items.type, storage_items.article_number, storage_items.machine_id, storage_items.location_id, storage_items.description, storage_items.allow_duplicate_id, storage_items.created_at, storage_items.updated_at 
FROM storage_items ORDER BY storage_items.storage_id
 LIMIT ? OFFSET ?
2026-08-16 02:16:38,229 INFO sqlalchemy.engine.Engine [cached since 2.125e+04s ago] (500, 0)
2026-08-16 02:16:38,230 INFO sqlalchemy.engine.Engine ROLLBACK
INFO:     127.0.0.1:49470 - "GET /api/storage/?limit=500 HTTP/1.1" 500 Internal Server Error
2026-08-16 02:16:39,345 INFO sqlalchemy.engine.Engine BEGIN (implicit)
2026-08-16 02:16:39,346 INFO sqlalchemy.engine.Engine SELECT users.id, users.personal_number, users.first_name, users.last_name, users.display_name, users.hashed_password, users.is_active, users.is_admin, users.role_id, users.created_at, users.updated_at 
FROM users 
WHERE users.personal_number = ?
2026-08-16 02:16:39,346 INFO sqlalchemy.engine.Engine [cached since 2.278e+04s ago] ('1001',)
2026-08-16 02:16:39,348 INFO sqlalchemy.engine.Engine SELECT serial_articles.id, serial_articles.article_number, serial_articles.description, serial_articles.pdf_path, serial_articles.extra_metadata, serial_articles.created_at, serial_articles.updated_at 
FROM serial_articles
 LIMIT ? OFFSET ?
2026-08-16 02:16:39,349 INFO sqlalchemy.engine.Engine [cached since 2.125e+04s ago] (100, 0)
2026-08-16 02:16:39,350 INFO sqlalchemy.engine.Engine ROLLBACK
INFO:     127.0.0.1:49472 - "GET /api/serial-articles/ HTTP/1.1" 200 OK
2026-08-16 02:16:46,809 INFO sqlalchemy.engine.Engine BEGIN (implicit)
2026-08-16 02:16:46,810 INFO sqlalchemy.engine.Engine SELECT users.id, users.personal_number, users.first_name, users.last_name, users.display_name, users.hashed_password, users.is_active, users.is_admin, users.role_id, users.created_at, users.updated_at 
FROM users 
WHERE users.personal_number = ?
2026-08-16 02:16:46,810 INFO sqlalchemy.engine.Engine [cached since 2.278e+04s ago] ('1001',)
2026-08-16 02:16:46,812 INFO sqlalchemy.engine.Engine SELECT tools.id, tools.tool_id, tools.category, tools.status, tools.is_storage, tools.allow_duplicate_id, tools.measure_a, tools.measure_b, tools.description, tools.plant_id, tools.tool_type_id, tools.storage_location_id, tools.machine_id, tools.customer_id, tools.created_at, tools.updated_at, plants_1.id AS id_1, plants_1.name, plants_1.created_at AS created_at_1, plants_1.updated_at AS updated_at_1, tool_types_1.id AS id_2, tool_types_1.name AS name_1, tool_types_1.created_at AS created_at_2, tool_types_1.updated_at AS updated_at_2 
FROM tools LEFT OUTER JOIN plants AS plants_1 ON plants_1.id = tools.plant_id LEFT OUTER JOIN tool_types AS tool_types_1 ON tool_types_1.id = tools.tool_type_id
 LIMIT ? OFFSET ?
2026-08-16 02:16:46,813 INFO sqlalchemy.engine.Engine [cached since 2.126e+04s ago] (500, 0)
2026-08-16 02:16:46,814 INFO sqlalchemy.engine.Engine ROLLBACK
INFO:     127.0.0.1:49481 - "GET /api/tools/?limit=500 HTTP/1.1" 200 OK
2026-08-16 02:16:46,820 INFO sqlalchemy.engine.Engine BEGIN (implicit)
2026-08-16 02:16:46,826 INFO sqlalchemy.engine.Engine SELECT users.id, users.personal_number, users.first_name, users.last_name, users.display_name, users.hashed_password, users.is_active, users.is_admin, users.role_id, users.created_at, users.updated_at 
FROM users 
WHERE users.personal_number = ?
2026-08-16 02:16:46,827 INFO sqlalchemy.engine.Engine [cached since 2.278e+04s ago] ('1001',)
2026-08-16 02:16:46,829 INFO sqlalchemy.engine.Engine SELECT tools.id, tools.tool_id, tools.category, tools.status, tools.is_storage, tools.allow_duplicate_id, tools.measure_a, tools.measure_b, tools.description, tools.plant_id, tools.tool_type_id, tools.storage_location_id, tools.machine_id, tools.customer_id, tools.created_at, tools.updated_at, plants_1.id AS id_1, plants_1.name, plants_1.created_at AS created_at_1, plants_1.updated_at AS updated_at_1, tool_types_1.id AS id_2, tool_types_1.name AS name_1, tool_types_1.created_at AS created_at_2, tool_types_1.updated_at AS updated_at_2 
FROM tools LEFT OUTER JOIN plants AS plants_1 ON plants_1.id = tools.plant_id LEFT OUTER JOIN tool_types AS tool_types_1 ON tool_types_1.id = tools.tool_type_id
 LIMIT ? OFFSET ?
2026-08-16 02:16:46,829 INFO sqlalchemy.engine.Engine [cached since 2.126e+04s ago] (500, 0)
2026-08-16 02:16:46,830 INFO sqlalchemy.engine.Engine ROLLBACK
INFO:     127.0.0.1:49483 - "GET /api/tools/?limit=500 HTTP/1.1" 200 OK
2026-08-16 02:17:06,726 INFO sqlalchemy.engine.Engine BEGIN (implicit)
2026-08-16 02:17:06,727 INFO sqlalchemy.engine.Engine SELECT users.id, users.personal_number, users.first_name, users.last_name, users.display_name, users.hashed_password, users.is_active, users.is_admin, users.role_id, users.created_at, users.updated_at 
FROM users 
WHERE users.personal_number = ?
2026-08-16 02:17:06,727 INFO sqlalchemy.engine.Engine [cached since 2.28e+04s ago] ('1001',)
2026-08-16 02:17:06,729 INFO sqlalchemy.engine.Engine SELECT serial_articles.id, serial_articles.article_number, serial_articles.description, serial_articles.pdf_path, serial_articles.extra_metadata, serial_articles.created_at, serial_articles.updated_at 
FROM serial_articles
 LIMIT ? OFFSET ?
2026-08-16 02:17:06,730 INFO sqlalchemy.engine.Engine [cached since 2.128e+04s ago] (100, 0)
2026-08-16 02:17:06,731 INFO sqlalchemy.engine.Engine ROLLBACK
INFO:     127.0.0.1:49506 - "GET /api/serial-articles/ HTTP/1.1" 200 OK
2026-08-16 02:18:13,667 INFO sqlalchemy.engine.Engine BEGIN (implicit)
2026-08-16 02:18:13,668 INFO sqlalchemy.engine.Engine SELECT users.id, users.personal_number, users.first_name, users.last_name, users.display_name, users.hashed_password, users.is_active, users.is_admin, users.role_id, users.created_at, users.updated_at 
FROM users 
WHERE users.personal_number = ?
2026-08-16 02:18:13,669 INFO sqlalchemy.engine.Engine [cached since 2.287e+04s ago] ('1001',)
2026-08-16 02:18:13,670 INFO sqlalchemy.engine.Engine SELECT serial_articles.id, serial_articles.article_number, serial_articles.description, serial_articles.pdf_path, serial_articles.extra_metadata, serial_articles.created_at, serial_articles.updated_at 
FROM serial_articles
 LIMIT ? OFFSET ?
2026-08-16 02:18:13,671 INFO sqlalchemy.engine.Engine [cached since 2.134e+04s ago] (100, 0)
2026-08-16 02:18:13,672 INFO sqlalchemy.engine.Engine ROLLBACK
INFO:     127.0.0.1:65333 - "GET /api/serial-articles/ HTTP/1.1" 200 OK
2026-08-16 02:18:15,388 INFO sqlalchemy.engine.Engine BEGIN (implicit)
2026-08-16 02:18:15,388 INFO sqlalchemy.engine.Engine SELECT users.id, users.personal_number, users.first_name, users.last_name, users.display_name, users.hashed_password, users.is_active, users.is_admin, users.role_id, users.created_at, users.updated_at 
FROM users 
WHERE users.personal_number = ?
2026-08-16 02:18:15,389 INFO sqlalchemy.engine.Engine [cached since 2.287e+04s ago] ('1001',)
2026-08-16 02:18:15,391 INFO sqlalchemy.engine.Engine SELECT storage_items.id, storage_items.storage_id, storage_items.name, storage_items.type, storage_items.article_number, storage_items.machine_id, storage_items.location_id, storage_items.description, storage_items.allow_duplicate_id, storage_items.created_at, storage_items.updated_at 
FROM storage_items ORDER BY storage_items.storage_id
 LIMIT ? OFFSET ?
2026-08-16 02:18:15,391 INFO sqlalchemy.engine.Engine [cached since 2.134e+04s ago] (500, 0)
2026-08-16 02:18:15,392 INFO sqlalchemy.engine.Engine ROLLBACK
INFO:     127.0.0.1:65335 - "GET /api/storage/?limit=500 HTTP/1.1" 500 Internal Server Error
2026-08-16 02:18:16,605 INFO sqlalchemy.engine.Engine BEGIN (implicit)
2026-08-16 02:18:16,606 INFO sqlalchemy.engine.Engine SELECT users.id, users.personal_number, users.first_name, users.last_name, users.display_name, users.hashed_password, users.is_active, users.is_admin, users.role_id, users.created_at, users.updated_at 
FROM users 
WHERE users.personal_number = ?
2026-08-16 02:18:16,606 INFO sqlalchemy.engine.Engine [cached since 2.287e+04s ago] ('1001',)
2026-08-16 02:18:16,608 INFO sqlalchemy.engine.Engine SELECT serial_articles.id, serial_articles.article_number, serial_articles.description, serial_articles.pdf_path, serial_articles.extra_metadata, serial_articles.created_at, serial_articles.updated_at 
FROM serial_articles
 LIMIT ? OFFSET ?
2026-08-16 02:18:16,608 INFO sqlalchemy.engine.Engine [cached since 2.135e+04s ago] (100, 0)
2026-08-16 02:18:16,610 INFO sqlalchemy.engine.Engine ROLLBACK
INFO:     127.0.0.1:65337 - "GET /api/serial-articles/ HTTP/1.1" 200 OK
2026-08-16 02:19:01,396 INFO sqlalchemy.engine.Engine BEGIN (implicit)
2026-08-16 02:19:01,396 INFO sqlalchemy.engine.Engine SELECT users.id, users.personal_number, users.first_name, users.last_name, users.display_name, users.hashed_password, users.is_active, users.is_admin, users.role_id, users.created_at, users.updated_at 
FROM users 
WHERE users.personal_number = ?
2026-08-16 02:19:01,397 INFO sqlalchemy.engine.Engine [cached since 2.292e+04s ago] ('1001',)
2026-08-16 02:19:01,399 INFO sqlalchemy.engine.Engine SELECT tools.id, tools.tool_id, tools.category, tools.status, tools.is_storage, tools.allow_duplicate_id, tools.measure_a, tools.measure_b, tools.description, tools.plant_id, tools.tool_type_id, tools.storage_location_id, tools.machine_id, tools.customer_id, tools.created_at, tools.updated_at, plants_1.id AS id_1, plants_1.name, plants_1.created_at AS created_at_1, plants_1.updated_at AS updated_at_1, tool_types_1.id AS id_2, tool_types_1.name AS name_1, tool_types_1.created_at AS created_at_2, tool_types_1.updated_at AS updated_at_2 
FROM tools LEFT OUTER JOIN plants AS plants_1 ON plants_1.id = tools.plant_id LEFT OUTER JOIN tool_types AS tool_types_1 ON tool_types_1.id = tools.tool_type_id
 LIMIT ? OFFSET ?
2026-08-16 02:19:01,400 INFO sqlalchemy.engine.Engine [cached since 2.139e+04s ago] (500, 0)
2026-08-16 02:19:01,401 INFO sqlalchemy.engine.Engine ROLLBACK
INFO:     127.0.0.1:65353 - "GET /api/tools/?limit=500 HTTP/1.1" 200 OK
2026-08-16 02:19:01,407 INFO sqlalchemy.engine.Engine BEGIN (implicit)
2026-08-16 02:19:01,416 INFO sqlalchemy.engine.Engine SELECT users.id, users.personal_number, users.first_name, users.last_name, users.display_name, users.hashed_password, users.is_active, users.is_admin, users.role_id, users.created_at, users.updated_at 
FROM users 
WHERE users.personal_number = ?
2026-08-16 02:19:01,417 INFO sqlalchemy.engine.Engine [cached since 2.292e+04s ago] ('1001',)
2026-08-16 02:19:01,419 INFO sqlalchemy.engine.Engine SELECT tools.id, tools.tool_id, tools.category, tools.status, tools.is_storage, tools.allow_duplicate_id, tools.measure_a, tools.measure_b, tools.description, tools.plant_id, tools.tool_type_id, tools.storage_location_id, tools.machine_id, tools.customer_id, tools.created_at, tools.updated_at, plants_1.id AS id_1, plants_1.name, plants_1.created_at AS created_at_1, plants_1.updated_at AS updated_at_1, tool_types_1.id AS id_2, tool_types_1.name AS name_1, tool_types_1.created_at AS created_at_2, tool_types_1.updated_at AS updated_at_2 
FROM tools LEFT OUTER JOIN plants AS plants_1 ON plants_1.id = tools.plant_id LEFT OUTER JOIN tool_types AS tool_types_1 ON tool_types_1.id = tools.tool_type_id
 LIMIT ? OFFSET ?
2026-08-16 02:19:01,419 INFO sqlalchemy.engine.Engine [cached since 2.139e+04s ago] (500, 0)
2026-08-16 02:19:01,421 INFO sqlalchemy.engine.Engine ROLLBACK
INFO:     127.0.0.1:65354 - "GET /api/tools/?limit=500 HTTP/1.1" 200 OK
2026-08-16 02:21:37,628 INFO sqlalchemy.engine.Engine BEGIN (implicit)
2026-08-16 02:21:37,629 INFO sqlalchemy.engine.Engine SELECT users.id, users.personal_number, users.first_name, users.last_name, users.display_name, users.hashed_password, users.is_active, users.is_admin, users.role_id, users.created_at, users.updated_at 
FROM users 
WHERE users.personal_number = ?
2026-08-16 02:21:37,629 INFO sqlalchemy.engine.Engine [cached since 2.307e+04s ago] ('1001',)
2026-08-16 02:21:37,631 INFO sqlalchemy.engine.Engine SELECT serial_articles.id, serial_articles.article_number, serial_articles.description, serial_articles.pdf_path, serial_articles.extra_metadata, serial_articles.created_at, serial_articles.updated_at 
FROM serial_articles
 LIMIT ? OFFSET ?
2026-08-16 02:21:37,632 INFO sqlalchemy.engine.Engine [cached since 2.155e+04s ago] (100, 0)
2026-08-16 02:21:37,633 INFO sqlalchemy.engine.Engine ROLLBACK
INFO:     127.0.0.1:55404 - "GET /api/serial-articles/ HTTP/1.1" 200 OK
2026-08-16 02:21:38,423 INFO sqlalchemy.engine.Engine BEGIN (implicit)
2026-08-16 02:21:38,424 INFO sqlalchemy.engine.Engine SELECT users.id, users.personal_number, users.first_name, users.last_name, users.display_name, users.hashed_password, users.is_active, users.is_admin, users.role_id, users.created_at, users.updated_at 
FROM users 
WHERE users.personal_number = ?
2026-08-16 02:21:38,424 INFO sqlalchemy.engine.Engine [cached since 2.308e+04s ago] ('1001',)
2026-08-16 02:21:38,426 INFO sqlalchemy.engine.Engine SELECT tools.id, tools.tool_id, tools.category, tools.status, tools.is_storage, tools.allow_duplicate_id, tools.measure_a, tools.measure_b, tools.description, tools.plant_id, tools.tool_type_id, tools.storage_location_id, tools.machine_id, tools.customer_id, tools.created_at, tools.updated_at, plants_1.id AS id_1, plants_1.name, plants_1.created_at AS created_at_1, plants_1.updated_at AS updated_at_1, tool_types_1.id AS id_2, tool_types_1.name AS name_1, tool_types_1.created_at AS created_at_2, tool_types_1.updated_at AS updated_at_2 
FROM tools LEFT OUTER JOIN plants AS plants_1 ON plants_1.id = tools.plant_id LEFT OUTER JOIN tool_types AS tool_types_1 ON tool_types_1.id = tools.tool_type_id
 LIMIT ? OFFSET ?
2026-08-16 02:21:38,426 INFO sqlalchemy.engine.Engine [cached since 2.155e+04s ago] (500, 0)
2026-08-16 02:21:38,428 INFO sqlalchemy.engine.Engine ROLLBACK
INFO:     127.0.0.1:55406 - "GET /api/tools/?limit=500 HTTP/1.1" 200 OK
2026-08-16 02:21:38,433 INFO sqlalchemy.engine.Engine BEGIN (implicit)
2026-08-16 02:21:38,439 INFO sqlalchemy.engine.Engine SELECT users.id, users.personal_number, users.first_name, users.last_name, users.display_name, users.hashed_password, users.is_active, users.is_admin, users.role_id, users.created_at, users.updated_at 
FROM users 
WHERE users.personal_number = ?
2026-08-16 02:21:38,440 INFO sqlalchemy.engine.Engine [cached since 2.308e+04s ago] ('1001',)
2026-08-16 02:21:38,441 INFO sqlalchemy.engine.Engine SELECT tools.id, tools.tool_id, tools.category, tools.status, tools.is_storage, tools.allow_duplicate_id, tools.measure_a, tools.measure_b, tools.description, tools.plant_id, tools.tool_type_id, tools.storage_location_id, tools.machine_id, tools.customer_id, tools.created_at, tools.updated_at, plants_1.id AS id_1, plants_1.name, plants_1.created_at AS created_at_1, plants_1.updated_at AS updated_at_1, tool_types_1.id AS id_2, tool_types_1.name AS name_1, tool_types_1.created_at AS created_at_2, tool_types_1.updated_at AS updated_at_2 
FROM tools LEFT OUTER JOIN plants AS plants_1 ON plants_1.id = tools.plant_id LEFT OUTER JOIN tool_types AS tool_types_1 ON tool_types_1.id = tools.tool_type_id
 LIMIT ? OFFSET ?
2026-08-16 02:21:38,442 INFO sqlalchemy.engine.Engine [cached since 2.155e+04s ago] (500, 0)
2026-08-16 02:21:38,443 INFO sqlalchemy.engine.Engine ROLLBACK
INFO:     127.0.0.1:55411 - "GET /api/tools/?limit=500 HTTP/1.1" 200 OK
2026-08-16 02:21:39,246 INFO sqlalchemy.engine.Engine BEGIN (implicit)
2026-08-16 02:21:39,246 INFO sqlalchemy.engine.Engine SELECT users.id, users.personal_number, users.first_name, users.last_name, users.display_name, users.hashed_password, users.is_active, users.is_admin, users.role_id, users.created_at, users.updated_at 
FROM users 
WHERE users.personal_number = ?
2026-08-16 02:21:39,246 INFO sqlalchemy.engine.Engine [cached since 2.308e+04s ago] ('1001',)
2026-08-16 02:21:39,248 INFO sqlalchemy.engine.Engine SELECT storage_items.id, storage_items.storage_id, storage_items.name, storage_items.type, storage_items.article_number, storage_items.machine_id, storage_items.location_id, storage_items.description, storage_items.allow_duplicate_id, storage_items.created_at, storage_items.updated_at 
FROM storage_items ORDER BY storage_items.storage_id
 LIMIT ? OFFSET ?
2026-08-16 02:21:39,249 INFO sqlalchemy.engine.Engine [cached since 2.155e+04s ago] (500, 0)
2026-08-16 02:21:39,249 INFO sqlalchemy.engine.Engine ROLLBACK
INFO:     127.0.0.1:55415 - "GET /api/storage/?limit=500 HTTP/1.1" 500 Internal Server Error
2026-08-16 02:21:40,692 INFO sqlalchemy.engine.Engine BEGIN (implicit)
2026-08-16 02:21:40,693 INFO sqlalchemy.engine.Engine SELECT users.id, users.personal_number, users.first_name, users.last_name, users.display_name, users.hashed_password, users.is_active, users.is_admin, users.role_id, users.created_at, users.updated_at 
FROM users 
WHERE users.personal_number = ?
2026-08-16 02:21:40,693 INFO sqlalchemy.engine.Engine [cached since 2.308e+04s ago] ('1001',)
2026-08-16 02:21:40,695 INFO sqlalchemy.engine.Engine SELECT storage_items.id, storage_items.storage_id, storage_items.name, storage_items.type, storage_items.article_number, storage_items.machine_id, storage_items.location_id, storage_items.description, storage_items.allow_duplicate_id, storage_items.created_at, storage_items.updated_at 
FROM storage_items ORDER BY storage_items.storage_id
 LIMIT ? OFFSET ?
2026-08-16 02:21:40,695 INFO sqlalchemy.engine.Engine [cached since 2.155e+04s ago] (500, 0)
2026-08-16 02:21:40,696 INFO sqlalchemy.engine.Engine ROLLBACK
INFO:     127.0.0.1:55423 - "GET /api/storage/?limit=500 HTTP/1.1" 500 Internal Server Error
2026-08-16 02:21:40,782 INFO sqlalchemy.engine.Engine BEGIN (implicit)
2026-08-16 02:21:40,782 INFO sqlalchemy.engine.Engine SELECT users.id, users.personal_number, users.first_name, users.last_name, users.display_name, users.hashed_password, users.is_active, users.is_admin, users.role_id, users.created_at, users.updated_at 
FROM users 
WHERE users.personal_number = ?
2026-08-16 02:21:40,783 INFO sqlalchemy.engine.Engine [cached since 2.308e+04s ago] ('1001',)
2026-08-16 02:21:40,784 INFO sqlalchemy.engine.Engine SELECT tools.id, tools.tool_id, tools.category, tools.status, tools.is_storage, tools.allow_duplicate_id, tools.measure_a, tools.measure_b, tools.description, tools.plant_id, tools.tool_type_id, tools.storage_location_id, tools.machine_id, tools.customer_id, tools.created_at, tools.updated_at, plants_1.id AS id_1, plants_1.name, plants_1.created_at AS created_at_1, plants_1.updated_at AS updated_at_1, tool_types_1.id AS id_2, tool_types_1.name AS name_1, tool_types_1.created_at AS created_at_2, tool_types_1.updated_at AS updated_at_2 
FROM tools LEFT OUTER JOIN plants AS plants_1 ON plants_1.id = tools.plant_id LEFT OUTER JOIN tool_types AS tool_types_1 ON tool_types_1.id = tools.tool_type_id
 LIMIT ? OFFSET ?
2026-08-16 02:21:40,785 INFO sqlalchemy.engine.Engine [cached since 2.155e+04s ago] (500, 0)
2026-08-16 02:21:40,786 INFO sqlalchemy.engine.Engine ROLLBACK
INFO:     127.0.0.1:55427 - "GET /api/tools/?limit=500 HTTP/1.1" 200 OK
2026-08-16 02:21:40,792 INFO sqlalchemy.engine.Engine BEGIN (implicit)
2026-08-16 02:21:40,793 INFO sqlalchemy.engine.Engine SELECT users.id, users.personal_number, users.first_name, users.last_name, users.display_name, users.hashed_password, users.is_active, users.is_admin, users.role_id, users.created_at, users.updated_at 
FROM users 
WHERE users.personal_number = ?
2026-08-16 02:21:40,793 INFO sqlalchemy.engine.Engine [cached since 2.308e+04s ago] ('1001',)
2026-08-16 02:21:40,795 INFO sqlalchemy.engine.Engine SELECT tools.id, tools.tool_id, tools.category, tools.status, tools.is_storage, tools.allow_duplicate_id, tools.measure_a, tools.measure_b, tools.description, tools.plant_id, tools.tool_type_id, tools.storage_location_id, tools.machine_id, tools.customer_id, tools.created_at, tools.updated_at, plants_1.id AS id_1, plants_1.name, plants_1.created_at AS created_at_1, plants_1.updated_at AS updated_at_1, tool_types_1.id AS id_2, tool_types_1.name AS name_1, tool_types_1.created_at AS created_at_2, tool_types_1.updated_at AS updated_at_2 
FROM tools LEFT OUTER JOIN plants AS plants_1 ON plants_1.id = tools.plant_id LEFT OUTER JOIN tool_types AS tool_types_1 ON tool_types_1.id = tools.tool_type_id
 LIMIT ? OFFSET ?
2026-08-16 02:21:40,795 INFO sqlalchemy.engine.Engine [cached since 2.155e+04s ago] (500, 0)
2026-08-16 02:21:40,797 INFO sqlalchemy.engine.Engine ROLLBACK
INFO:     127.0.0.1:55431 - "GET /api/tools/?limit=500 HTTP/1.1" 200 OK
2026-08-16 02:21:43,336 INFO sqlalchemy.engine.Engine BEGIN (implicit)
2026-08-16 02:21:43,337 INFO sqlalchemy.engine.Engine SELECT users.id, users.personal_number, users.first_name, users.last_name, users.display_name, users.hashed_password, users.is_active, users.is_admin, users.role_id, users.created_at, users.updated_at 
FROM users 
WHERE users.personal_number = ?
2026-08-16 02:21:43,337 INFO sqlalchemy.engine.Engine [cached since 2.308e+04s ago] ('1001',)
2026-08-16 02:21:43,338 INFO sqlalchemy.engine.Engine SELECT serial_articles.id, serial_articles.article_number, serial_articles.description, serial_articles.pdf_path, serial_articles.extra_metadata, serial_articles.created_at, serial_articles.updated_at 
FROM serial_articles
 LIMIT ? OFFSET ?
2026-08-16 02:21:43,339 INFO sqlalchemy.engine.Engine [cached since 2.155e+04s ago] (100, 0)
2026-08-16 02:21:43,340 INFO sqlalchemy.engine.Engine ROLLBACK
INFO:     127.0.0.1:55433 - "GET /api/serial-articles/ HTTP/1.1" 200 OK
2026-08-16 02:35:27,526 INFO sqlalchemy.engine.Engine BEGIN (implicit)
2026-08-16 02:35:27,526 INFO sqlalchemy.engine.Engine SELECT users.id, users.personal_number, users.first_name, users.last_name, users.display_name, users.hashed_password, users.is_active, users.is_admin, users.role_id, users.created_at, users.updated_at 
FROM users 
WHERE users.personal_number = ?
2026-08-16 02:35:27,527 INFO sqlalchemy.engine.Engine [cached since 2.39e+04s ago] ('1001',)
2026-08-16 02:35:27,527 INFO sqlalchemy.engine.Engine BEGIN (implicit)
2026-08-16 02:35:27,528 INFO sqlalchemy.engine.Engine SELECT users.id, users.personal_number, users.first_name, users.last_name, users.display_name, users.hashed_password, users.is_active, users.is_admin, users.role_id, users.created_at, users.updated_at 
FROM users 
WHERE users.personal_number = ?
2026-08-16 02:35:27,528 INFO sqlalchemy.engine.Engine [cached since 2.39e+04s ago] ('1001',)
2026-08-16 02:35:27,544 INFO sqlalchemy.engine.Engine ROLLBACK
2026-08-16 02:35:27,820 INFO sqlalchemy.engine.Engine ROLLBACK
INFO:     127.0.0.1:50211 - "GET /api/auth/me HTTP/1.1" 200 OK
INFO:     127.0.0.1:50212 - "GET /api/auth/me HTTP/1.1" 200 OK
2026-08-16 02:35:28,159 INFO sqlalchemy.engine.Engine BEGIN (implicit)
2026-08-16 02:35:28,160 INFO sqlalchemy.engine.Engine SELECT users.id, users.personal_number, users.first_name, users.last_name, users.display_name, users.hashed_password, users.is_active, users.is_admin, users.role_id, users.created_at, users.updated_at 
FROM users 
WHERE users.personal_number = ?
2026-08-16 02:35:28,160 INFO sqlalchemy.engine.Engine [cached since 2.391e+04s ago] ('1001',)
2026-08-16 02:35:28,162 INFO sqlalchemy.engine.Engine SELECT serial_articles.id, serial_articles.article_number, serial_articles.description, serial_articles.pdf_path, serial_articles.extra_metadata, serial_articles.created_at, serial_articles.updated_at 
FROM serial_articles
 LIMIT ? OFFSET ?
2026-08-16 02:35:28,162 INFO sqlalchemy.engine.Engine [cached since 2.238e+04s ago] (100, 0)
2026-08-16 02:35:28,163 INFO sqlalchemy.engine.Engine ROLLBACK
INFO:     127.0.0.1:50213 - "GET /api/serial-articles/ HTTP/1.1" 200 OK
2026-08-16 02:35:42,295 INFO sqlalchemy.engine.Engine BEGIN (implicit)
2026-08-16 02:35:42,296 INFO sqlalchemy.engine.Engine SELECT users.id, users.personal_number, users.first_name, users.last_name, users.display_name, users.hashed_password, users.is_active, users.is_admin, users.role_id, users.created_at, users.updated_at 
FROM users 
WHERE users.personal_number = ?
2026-08-16 02:35:42,296 INFO sqlalchemy.engine.Engine [cached since 2.392e+04s ago] ('1001',)
2026-08-16 02:35:42,298 INFO sqlalchemy.engine.Engine SELECT tools.id, tools.tool_id, tools.category, tools.status, tools.is_storage, tools.allow_duplicate_id, tools.measure_a, tools.measure_b, tools.description, tools.plant_id, tools.tool_type_id, tools.storage_location_id, tools.machine_id, tools.customer_id, tools.created_at, tools.updated_at, plants_1.id AS id_1, plants_1.name, plants_1.created_at AS created_at_1, plants_1.updated_at AS updated_at_1, tool_types_1.id AS id_2, tool_types_1.name AS name_1, tool_types_1.created_at AS created_at_2, tool_types_1.updated_at AS updated_at_2 
FROM tools LEFT OUTER JOIN plants AS plants_1 ON plants_1.id = tools.plant_id LEFT OUTER JOIN tool_types AS tool_types_1 ON tool_types_1.id = tools.tool_type_id
 LIMIT ? OFFSET ?
2026-08-16 02:35:42,298 INFO sqlalchemy.engine.Engine [cached since 2.239e+04s ago] (500, 0)
2026-08-16 02:35:42,300 INFO sqlalchemy.engine.Engine ROLLBACK
INFO:     127.0.0.1:59359 - "GET /api/tools/?limit=500 HTTP/1.1" 200 OK
2026-08-16 02:35:42,306 INFO sqlalchemy.engine.Engine BEGIN (implicit)
2026-08-16 02:35:42,311 INFO sqlalchemy.engine.Engine SELECT users.id, users.personal_number, users.first_name, users.last_name, users.display_name, users.hashed_password, users.is_active, users.is_admin, users.role_id, users.created_at, users.updated_at 
FROM users 
WHERE users.personal_number = ?
2026-08-16 02:35:42,311 INFO sqlalchemy.engine.Engine [cached since 2.392e+04s ago] ('1001',)
2026-08-16 02:35:42,313 INFO sqlalchemy.engine.Engine SELECT tools.id, tools.tool_id, tools.category, tools.status, tools.is_storage, tools.allow_duplicate_id, tools.measure_a, tools.measure_b, tools.description, tools.plant_id, tools.tool_type_id, tools.storage_location_id, tools.machine_id, tools.customer_id, tools.created_at, tools.updated_at, plants_1.id AS id_1, plants_1.name, plants_1.created_at AS created_at_1, plants_1.updated_at AS updated_at_1, tool_types_1.id AS id_2, tool_types_1.name AS name_1, tool_types_1.created_at AS created_at_2, tool_types_1.updated_at AS updated_at_2 
FROM tools LEFT OUTER JOIN plants AS plants_1 ON plants_1.id = tools.plant_id LEFT OUTER JOIN tool_types AS tool_types_1 ON tool_types_1.id = tools.tool_type_id
 LIMIT ? OFFSET ?
2026-08-16 02:35:42,313 INFO sqlalchemy.engine.Engine [cached since 2.239e+04s ago] (500, 0)
2026-08-16 02:35:42,315 INFO sqlalchemy.engine.Engine ROLLBACK
INFO:     127.0.0.1:59361 - "GET /api/tools/?limit=500 HTTP/1.1" 200 OK
2026-08-16 02:35:45,070 INFO sqlalchemy.engine.Engine BEGIN (implicit)
2026-08-16 02:35:45,071 INFO sqlalchemy.engine.Engine SELECT users.id, users.personal_number, users.first_name, users.last_name, users.display_name, users.hashed_password, users.is_active, users.is_admin, users.role_id, users.created_at, users.updated_at 
FROM users 
WHERE users.personal_number = ?
2026-08-16 02:35:45,071 INFO sqlalchemy.engine.Engine [cached since 2.392e+04s ago] ('1001',)
2026-08-16 02:35:45,073 INFO sqlalchemy.engine.Engine SELECT storage_items.id, storage_items.storage_id, storage_items.name, storage_items.type, storage_items.article_number, storage_items.machine_id, storage_items.location_id, storage_items.description, storage_items.allow_duplicate_id, storage_items.created_at, storage_items.updated_at 
FROM storage_items ORDER BY storage_items.storage_id
 LIMIT ? OFFSET ?
2026-08-16 02:35:45,073 INFO sqlalchemy.engine.Engine [cached since 2.239e+04s ago] (500, 0)
2026-08-16 02:35:45,074 INFO sqlalchemy.engine.Engine ROLLBACK
INFO:     127.0.0.1:59365 - "GET /api/storage/?limit=500 HTTP/1.1" 500 Internal Server Error
2026-08-16 02:35:45,609 INFO sqlalchemy.engine.Engine BEGIN (implicit)
2026-08-16 02:35:45,610 INFO sqlalchemy.engine.Engine SELECT users.id, users.personal_number, users.first_name, users.last_name, users.display_name, users.hashed_password, users.is_active, users.is_admin, users.role_id, users.created_at, users.updated_at 
FROM users 
WHERE users.personal_number = ?
2026-08-16 02:35:45,610 INFO sqlalchemy.engine.Engine [cached since 2.392e+04s ago] ('1001',)
2026-08-16 02:35:45,611 INFO sqlalchemy.engine.Engine SELECT serial_articles.id, serial_articles.article_number, serial_articles.description, serial_articles.pdf_path, serial_articles.extra_metadata, serial_articles.created_at, serial_articles.updated_at 
FROM serial_articles
 LIMIT ? OFFSET ?
2026-08-16 02:35:45,612 INFO sqlalchemy.engine.Engine [cached since 2.239e+04s ago] (100, 0)
2026-08-16 02:35:45,613 INFO sqlalchemy.engine.Engine ROLLBACK
INFO:     127.0.0.1:59367 - "GET /api/serial-articles/ HTTP/1.1" 200 OK
2026-08-16 02:35:47,350 INFO sqlalchemy.engine.Engine BEGIN (implicit)
2026-08-16 02:35:47,350 INFO sqlalchemy.engine.Engine SELECT users.id, users.personal_number, users.first_name, users.last_name, users.display_name, users.hashed_password, users.is_active, users.is_admin, users.role_id, users.created_at, users.updated_at 
FROM users 
WHERE users.personal_number = ?
2026-08-16 02:35:47,351 INFO sqlalchemy.engine.Engine [cached since 2.392e+04s ago] ('1001',)
2026-08-16 02:35:47,353 INFO sqlalchemy.engine.Engine SELECT tools.id, tools.tool_id, tools.category, tools.status, tools.is_storage, tools.allow_duplicate_id, tools.measure_a, tools.measure_b, tools.description, tools.plant_id, tools.tool_type_id, tools.storage_location_id, tools.machine_id, tools.customer_id, tools.created_at, tools.updated_at, plants_1.id AS id_1, plants_1.name, plants_1.created_at AS created_at_1, plants_1.updated_at AS updated_at_1, tool_types_1.id AS id_2, tool_types_1.name AS name_1, tool_types_1.created_at AS created_at_2, tool_types_1.updated_at AS updated_at_2 
FROM tools LEFT OUTER JOIN plants AS plants_1 ON plants_1.id = tools.plant_id LEFT OUTER JOIN tool_types AS tool_types_1 ON tool_types_1.id = tools.tool_type_id
 LIMIT ? OFFSET ?
2026-08-16 02:35:47,353 INFO sqlalchemy.engine.Engine [cached since 2.24e+04s ago] (500, 0)
2026-08-16 02:35:47,355 INFO sqlalchemy.engine.Engine ROLLBACK
INFO:     127.0.0.1:59370 - "GET /api/tools/?limit=500 HTTP/1.1" 200 OK
2026-08-16 02:35:47,362 INFO sqlalchemy.engine.Engine BEGIN (implicit)
2026-08-16 02:35:47,366 INFO sqlalchemy.engine.Engine SELECT users.id, users.personal_number, users.first_name, users.last_name, users.display_name, users.hashed_password, users.is_active, users.is_admin, users.role_id, users.created_at, users.updated_at 
FROM users 
WHERE users.personal_number = ?
2026-08-16 02:35:47,366 INFO sqlalchemy.engine.Engine [cached since 2.392e+04s ago] ('1001',)
2026-08-16 02:35:47,368 INFO sqlalchemy.engine.Engine SELECT tools.id, tools.tool_id, tools.category, tools.status, tools.is_storage, tools.allow_duplicate_id, tools.measure_a, tools.measure_b, tools.description, tools.plant_id, tools.tool_type_id, tools.storage_location_id, tools.machine_id, tools.customer_id, tools.created_at, tools.updated_at, plants_1.id AS id_1, plants_1.name, plants_1.created_at AS created_at_1, plants_1.updated_at AS updated_at_1, tool_types_1.id AS id_2, tool_types_1.name AS name_1, tool_types_1.created_at AS created_at_2, tool_types_1.updated_at AS updated_at_2 
FROM tools LEFT OUTER JOIN plants AS plants_1 ON plants_1.id = tools.plant_id LEFT OUTER JOIN tool_types AS tool_types_1 ON tool_types_1.id = tools.tool_type_id
 LIMIT ? OFFSET ?
2026-08-16 02:35:47,369 INFO sqlalchemy.engine.Engine [cached since 2.24e+04s ago] (500, 0)
2026-08-16 02:35:47,370 INFO sqlalchemy.engine.Engine ROLLBACK
INFO:     127.0.0.1:59372 - "GET /api/tools/?limit=500 HTTP/1.1" 200 OK
2026-08-16 02:35:49,442 INFO sqlalchemy.engine.Engine BEGIN (implicit)
2026-08-16 02:35:49,442 INFO sqlalchemy.engine.Engine SELECT users.id, users.personal_number, users.first_name, users.last_name, users.display_name, users.hashed_password, users.is_active, users.is_admin, users.role_id, users.created_at, users.updated_at 
FROM users 
WHERE users.personal_number = ?
2026-08-16 02:35:49,443 INFO sqlalchemy.engine.Engine [cached since 2.393e+04s ago] ('1001',)
2026-08-16 02:35:49,443 INFO sqlalchemy.engine.Engine BEGIN (implicit)
2026-08-16 02:35:49,444 INFO sqlalchemy.engine.Engine SELECT users.id, users.personal_number, users.first_name, users.last_name, users.display_name, users.hashed_password, users.is_active, users.is_admin, users.role_id, users.created_at, users.updated_at 
FROM users 
WHERE users.personal_number = ?
2026-08-16 02:35:49,444 INFO sqlalchemy.engine.Engine [cached since 2.393e+04s ago] ('1001',)
2026-08-16 02:35:49,446 INFO sqlalchemy.engine.Engine ROLLBACK
2026-08-16 02:35:49,447 INFO sqlalchemy.engine.Engine ROLLBACK
INFO:     127.0.0.1:59380 - "GET /api/auth/me HTTP/1.1" 200 OK
INFO:     127.0.0.1:59381 - "GET /api/auth/me HTTP/1.1" 200 OK
2026-08-16 02:35:49,806 INFO sqlalchemy.engine.Engine BEGIN (implicit)
2026-08-16 02:35:49,806 INFO sqlalchemy.engine.Engine SELECT users.id, users.personal_number, users.first_name, users.last_name, users.display_name, users.hashed_password, users.is_active, users.is_admin, users.role_id, users.created_at, users.updated_at 
FROM users 
WHERE users.personal_number = ?
2026-08-16 02:35:49,807 INFO sqlalchemy.engine.Engine [cached since 2.393e+04s ago] ('1001',)
2026-08-16 02:35:49,809 INFO sqlalchemy.engine.Engine SELECT serial_articles.id, serial_articles.article_number, serial_articles.description, serial_articles.pdf_path, serial_articles.extra_metadata, serial_articles.created_at, serial_articles.updated_at 
FROM serial_articles
 LIMIT ? OFFSET ?
2026-08-16 02:35:49,809 INFO sqlalchemy.engine.Engine [cached since 2.24e+04s ago] (100, 0)
2026-08-16 02:35:49,810 INFO sqlalchemy.engine.Engine ROLLBACK
INFO:     127.0.0.1:59384 - "GET /api/serial-articles/ HTTP/1.1" 200 OK
2026-08-16 02:35:53,193 INFO sqlalchemy.engine.Engine BEGIN (implicit)
2026-08-16 02:35:53,193 INFO sqlalchemy.engine.Engine SELECT users.id, users.personal_number, users.first_name, users.last_name, users.display_name, users.hashed_password, users.is_active, users.is_admin, users.role_id, users.created_at, users.updated_at 
FROM users 
WHERE users.personal_number = ?
2026-08-16 02:35:53,194 INFO sqlalchemy.engine.Engine [cached since 2.393e+04s ago] ('1001',)
2026-08-16 02:35:53,194 INFO sqlalchemy.engine.Engine BEGIN (implicit)
2026-08-16 02:35:53,195 INFO sqlalchemy.engine.Engine SELECT users.id, users.personal_number, users.first_name, users.last_name, users.display_name, users.hashed_password, users.is_active, users.is_admin, users.role_id, users.created_at, users.updated_at 
FROM users 
WHERE users.personal_number = ?
2026-08-16 02:35:53,195 INFO sqlalchemy.engine.Engine [cached since 2.393e+04s ago] ('1001',)
2026-08-16 02:35:53,196 INFO sqlalchemy.engine.Engine ROLLBACK
2026-08-16 02:35:53,197 INFO sqlalchemy.engine.Engine ROLLBACK
INFO:     127.0.0.1:59390 - "GET /api/auth/me HTTP/1.1" 200 OK
INFO:     127.0.0.1:59391 - "GET /api/auth/me HTTP/1.1" 200 OK
2026-08-16 02:35:53,555 INFO sqlalchemy.engine.Engine BEGIN (implicit)
2026-08-16 02:35:53,556 INFO sqlalchemy.engine.Engine SELECT users.id, users.personal_number, users.first_name, users.last_name, users.display_name, users.hashed_password, users.is_active, users.is_admin, users.role_id, users.created_at, users.updated_at 
FROM users 
WHERE users.personal_number = ?
2026-08-16 02:35:53,556 INFO sqlalchemy.engine.Engine [cached since 2.393e+04s ago] ('1001',)
2026-08-16 02:35:53,558 INFO sqlalchemy.engine.Engine SELECT serial_articles.id, serial_articles.article_number, serial_articles.description, serial_articles.pdf_path, serial_articles.extra_metadata, serial_articles.created_at, serial_articles.updated_at 
FROM serial_articles
 LIMIT ? OFFSET ?
2026-08-16 02:35:53,558 INFO sqlalchemy.engine.Engine [cached since 2.24e+04s ago] (100, 0)
2026-08-16 02:35:53,560 INFO sqlalchemy.engine.Engine ROLLBACK
INFO:     127.0.0.1:59392 - "GET /api/serial-articles/ HTTP/1.1" 200 OK
2026-08-16 02:35:54,055 INFO sqlalchemy.engine.Engine BEGIN (implicit)
2026-08-16 02:35:54,055 INFO sqlalchemy.engine.Engine SELECT users.id, users.personal_number, users.first_name, users.last_name, users.display_name, users.hashed_password, users.is_active, users.is_admin, users.role_id, users.created_at, users.updated_at 
FROM users 
WHERE users.personal_number = ?
2026-08-16 02:35:54,056 INFO sqlalchemy.engine.Engine [cached since 2.393e+04s ago] ('1001',)
2026-08-16 02:35:54,056 INFO sqlalchemy.engine.Engine BEGIN (implicit)
2026-08-16 02:35:54,057 INFO sqlalchemy.engine.Engine SELECT users.id, users.personal_number, users.first_name, users.last_name, users.display_name, users.hashed_password, users.is_active, users.is_admin, users.role_id, users.created_at, users.updated_at 
FROM users 
WHERE users.personal_number = ?
2026-08-16 02:35:54,057 INFO sqlalchemy.engine.Engine [cached since 2.393e+04s ago] ('1001',)
2026-08-16 02:35:54,058 INFO sqlalchemy.engine.Engine ROLLBACK
2026-08-16 02:35:54,059 INFO sqlalchemy.engine.Engine ROLLBACK
INFO:     127.0.0.1:59398 - "GET /api/auth/me HTTP/1.1" 200 OK
INFO:     127.0.0.1:59399 - "GET /api/auth/me HTTP/1.1" 200 OK
2026-08-16 02:36:06,286 INFO sqlalchemy.engine.Engine BEGIN (implicit)
2026-08-16 02:36:06,286 INFO sqlalchemy.engine.Engine SELECT users.id, users.personal_number, users.first_name, users.last_name, users.display_name, users.hashed_password, users.is_active, users.is_admin, users.role_id, users.created_at, users.updated_at 
FROM users 
WHERE users.personal_number = ?
2026-08-16 02:36:06,286 INFO sqlalchemy.engine.Engine [cached since 2.394e+04s ago] ('admin1',)
2026-08-16 02:36:06,552 INFO sqlalchemy.engine.Engine ROLLBACK
INFO:     127.0.0.1:59411 - "POST /api/auth/admin/login HTTP/1.1" 200 OK
2026-08-16 02:36:06,890 INFO sqlalchemy.engine.Engine BEGIN (implicit)
2026-08-16 02:36:06,891 INFO sqlalchemy.engine.Engine SELECT users.id, users.personal_number, users.first_name, users.last_name, users.display_name, users.hashed_password, users.is_active, users.is_admin, users.role_id, users.created_at, users.updated_at 
FROM users 
WHERE users.personal_number = ?
2026-08-16 02:36:06,891 INFO sqlalchemy.engine.Engine [cached since 2.394e+04s ago] ('admin1',)
2026-08-16 02:36:06,894 INFO sqlalchemy.engine.Engine SELECT serial_articles.id, serial_articles.article_number, serial_articles.description, serial_articles.pdf_path, serial_articles.extra_metadata, serial_articles.created_at, serial_articles.updated_at 
FROM serial_articles
 LIMIT ? OFFSET ?
2026-08-16 02:36:06,894 INFO sqlalchemy.engine.Engine [cached since 2.242e+04s ago] (100, 0)
2026-08-16 02:36:06,895 INFO sqlalchemy.engine.Engine ROLLBACK
INFO:     127.0.0.1:59413 - "GET /api/serial-articles/ HTTP/1.1" 200 OK
2026-08-16 02:36:10,628 INFO sqlalchemy.engine.Engine BEGIN (implicit)
2026-08-16 02:36:10,628 INFO sqlalchemy.engine.Engine SELECT users.id, users.personal_number, users.first_name, users.last_name, users.display_name, users.hashed_password, users.is_active, users.is_admin, users.role_id, users.created_at, users.updated_at 
FROM users 
WHERE users.personal_number = ?
2026-08-16 02:36:10,629 INFO sqlalchemy.engine.Engine [cached since 2.395e+04s ago] ('admin1',)
2026-08-16 02:36:10,631 INFO sqlalchemy.engine.Engine SELECT serial_articles.id, serial_articles.article_number, serial_articles.description, serial_articles.pdf_path, serial_articles.extra_metadata, serial_articles.created_at, serial_articles.updated_at 
FROM serial_articles
 LIMIT ? OFFSET ?
2026-08-16 02:36:10,631 INFO sqlalchemy.engine.Engine [cached since 2.242e+04s ago] (100, 0)
2026-08-16 02:36:10,632 INFO sqlalchemy.engine.Engine ROLLBACK
INFO:     127.0.0.1:59422 - "GET /api/serial-articles/ HTTP/1.1" 200 OK
2026-08-16 02:36:49,367 INFO sqlalchemy.engine.Engine BEGIN (implicit)
2026-08-16 02:36:49,368 INFO sqlalchemy.engine.Engine SELECT users.id, users.personal_number, users.first_name, users.last_name, users.display_name, users.hashed_password, users.is_active, users.is_admin, users.role_id, users.created_at, users.updated_at 
FROM users 
WHERE users.personal_number = ?
2026-08-16 02:36:49,368 INFO sqlalchemy.engine.Engine [cached since 2.399e+04s ago] ('admin1',)
2026-08-16 02:36:49,371 INFO sqlalchemy.engine.Engine SELECT tools.id, tools.tool_id, tools.category, tools.status, tools.is_storage, tools.allow_duplicate_id, tools.measure_a, tools.measure_b, tools.description, tools.plant_id, tools.tool_type_id, tools.storage_location_id, tools.machine_id, tools.customer_id, tools.created_at, tools.updated_at, plants_1.id AS id_1, plants_1.name, plants_1.created_at AS created_at_1, plants_1.updated_at AS updated_at_1, tool_types_1.id AS id_2, tool_types_1.name AS name_1, tool_types_1.created_at AS created_at_2, tool_types_1.updated_at AS updated_at_2 
FROM tools LEFT OUTER JOIN plants AS plants_1 ON plants_1.id = tools.plant_id LEFT OUTER JOIN tool_types AS tool_types_1 ON tool_types_1.id = tools.tool_type_id
 LIMIT ? OFFSET ?
2026-08-16 02:36:49,371 INFO sqlalchemy.engine.Engine [cached since 2.246e+04s ago] (500, 0)
2026-08-16 02:36:49,374 INFO sqlalchemy.engine.Engine ROLLBACK
INFO:     127.0.0.1:59458 - "GET /api/tools/?limit=500 HTTP/1.1" 200 OK
2026-08-16 02:36:49,381 INFO sqlalchemy.engine.Engine BEGIN (implicit)
2026-08-16 02:36:49,666 INFO sqlalchemy.engine.Engine SELECT users.id, users.personal_number, users.first_name, users.last_name, users.display_name, users.hashed_password, users.is_active, users.is_admin, users.role_id, users.created_at, users.updated_at 
FROM users 
WHERE users.personal_number = ?
2026-08-16 02:36:49,667 INFO sqlalchemy.engine.Engine [cached since 2.399e+04s ago] ('admin1',)
2026-08-16 02:36:49,669 INFO sqlalchemy.engine.Engine SELECT tools.id, tools.tool_id, tools.category, tools.status, tools.is_storage, tools.allow_duplicate_id, tools.measure_a, tools.measure_b, tools.description, tools.plant_id, tools.tool_type_id, tools.storage_location_id, tools.machine_id, tools.customer_id, tools.created_at, tools.updated_at, plants_1.id AS id_1, plants_1.name, plants_1.created_at AS created_at_1, plants_1.updated_at AS updated_at_1, tool_types_1.id AS id_2, tool_types_1.name AS name_1, tool_types_1.created_at AS created_at_2, tool_types_1.updated_at AS updated_at_2 
FROM tools LEFT OUTER JOIN plants AS plants_1 ON plants_1.id = tools.plant_id LEFT OUTER JOIN tool_types AS tool_types_1 ON tool_types_1.id = tools.tool_type_id
 LIMIT ? OFFSET ?
2026-08-16 02:36:49,669 INFO sqlalchemy.engine.Engine [cached since 2.246e+04s ago] (500, 0)
2026-08-16 02:36:49,671 INFO sqlalchemy.engine.Engine ROLLBACK
INFO:     127.0.0.1:59460 - "GET /api/tools/?limit=500 HTTP/1.1" 200 OK
2026-08-16 02:36:56,609 INFO sqlalchemy.engine.Engine BEGIN (implicit)
2026-08-16 02:36:56,610 INFO sqlalchemy.engine.Engine SELECT users.id, users.personal_number, users.first_name, users.last_name, users.display_name, users.hashed_password, users.is_active, users.is_admin, users.role_id, users.created_at, users.updated_at 
FROM users 
WHERE users.personal_number = ?
2026-08-16 02:36:56,610 INFO sqlalchemy.engine.Engine [cached since 2.399e+04s ago] ('admin1',)
2026-08-16 02:36:56,612 INFO sqlalchemy.engine.Engine SELECT serial_articles.id, serial_articles.article_number, serial_articles.description, serial_articles.pdf_path, serial_articles.extra_metadata, serial_articles.created_at, serial_articles.updated_at 
FROM serial_articles
 LIMIT ? OFFSET ?
2026-08-16 02:36:56,612 INFO sqlalchemy.engine.Engine [cached since 2.247e+04s ago] (100, 0)
2026-08-16 02:36:56,613 INFO sqlalchemy.engine.Engine ROLLBACK
INFO:     127.0.0.1:59469 - "GET /api/serial-articles/ HTTP/1.1" 200 OK
2026-08-16 02:40:31,011 INFO sqlalchemy.engine.Engine BEGIN (implicit)
2026-08-16 02:40:31,011 INFO sqlalchemy.engine.Engine SELECT users.id, users.personal_number, users.first_name, users.last_name, users.display_name, users.hashed_password, users.is_active, users.is_admin, users.role_id, users.created_at, users.updated_at 
FROM users 
WHERE users.personal_number = ?
2026-08-16 02:40:31,012 INFO sqlalchemy.engine.Engine [cached since 2.421e+04s ago] ('admin1',)
2026-08-16 02:40:31,012 INFO sqlalchemy.engine.Engine BEGIN (implicit)
2026-08-16 02:40:31,013 INFO sqlalchemy.engine.Engine SELECT users.id, users.personal_number, users.first_name, users.last_name, users.display_name, users.hashed_password, users.is_active, users.is_admin, users.role_id, users.created_at, users.updated_at 
FROM users 
WHERE users.personal_number = ?
2026-08-16 02:40:31,013 INFO sqlalchemy.engine.Engine [cached since 2.421e+04s ago] ('admin1',)
2026-08-16 02:40:31,015 INFO sqlalchemy.engine.Engine ROLLBACK
2026-08-16 02:40:31,016 INFO sqlalchemy.engine.Engine ROLLBACK
INFO:     127.0.0.1:62988 - "GET /api/auth/me HTTP/1.1" 200 OK
INFO:     127.0.0.1:62989 - "GET /api/auth/me HTTP/1.1" 200 OK
2026-08-16 02:40:33,702 INFO sqlalchemy.engine.Engine BEGIN (implicit)
2026-08-16 02:40:33,703 INFO sqlalchemy.engine.Engine SELECT users.id, users.personal_number, users.first_name, users.last_name, users.display_name, users.hashed_password, users.is_active, users.is_admin, users.role_id, users.created_at, users.updated_at 
FROM users 
WHERE users.personal_number = ?
2026-08-16 02:40:33,704 INFO sqlalchemy.engine.Engine [cached since 2.421e+04s ago] ('admin1',)
2026-08-16 02:40:33,705 INFO sqlalchemy.engine.Engine BEGIN (implicit)
2026-08-16 02:40:33,705 INFO sqlalchemy.engine.Engine SELECT users.id, users.personal_number, users.first_name, users.last_name, users.display_name, users.hashed_password, users.is_active, users.is_admin, users.role_id, users.created_at, users.updated_at 
FROM users 
WHERE users.personal_number = ?
2026-08-16 02:40:33,705 INFO sqlalchemy.engine.Engine [cached since 2.421e+04s ago] ('admin1',)
2026-08-16 02:40:33,707 INFO sqlalchemy.engine.Engine ROLLBACK
2026-08-16 02:40:33,708 INFO sqlalchemy.engine.Engine ROLLBACK
INFO:     127.0.0.1:62999 - "GET /api/auth/me HTTP/1.1" 200 OK
INFO:     127.0.0.1:63000 - "GET /api/auth/me HTTP/1.1" 200 OK
2026-08-16 02:40:34,760 INFO sqlalchemy.engine.Engine BEGIN (implicit)
2026-08-16 02:40:34,760 INFO sqlalchemy.engine.Engine SELECT users.id, users.personal_number, users.first_name, users.last_name, users.display_name, users.hashed_password, users.is_active, users.is_admin, users.role_id, users.created_at, users.updated_at 
FROM users 
WHERE users.personal_number = ?
2026-08-16 02:40:34,761 INFO sqlalchemy.engine.Engine [cached since 2.421e+04s ago] ('admin1',)
2026-08-16 02:40:34,761 INFO sqlalchemy.engine.Engine BEGIN (implicit)
2026-08-16 02:40:34,762 INFO sqlalchemy.engine.Engine SELECT users.id, users.personal_number, users.first_name, users.last_name, users.display_name, users.hashed_password, users.is_active, users.is_admin, users.role_id, users.created_at, users.updated_at 
FROM users 
WHERE users.personal_number = ?
2026-08-16 02:40:34,762 INFO sqlalchemy.engine.Engine [cached since 2.421e+04s ago] ('admin1',)
2026-08-16 02:40:34,763 INFO sqlalchemy.engine.Engine ROLLBACK
2026-08-16 02:40:34,764 INFO sqlalchemy.engine.Engine ROLLBACK
INFO:     127.0.0.1:63005 - "GET /api/auth/me HTTP/1.1" 200 OK
INFO:     127.0.0.1:63006 - "GET /api/auth/me HTTP/1.1" 200 OK
2026-08-16 02:40:35,077 INFO sqlalchemy.engine.Engine BEGIN (implicit)
2026-08-16 02:40:35,078 INFO sqlalchemy.engine.Engine SELECT users.id, users.personal_number, users.first_name, users.last_name, users.display_name, users.hashed_password, users.is_active, users.is_admin, users.role_id, users.created_at, users.updated_at 
FROM users 
WHERE users.personal_number = ?
2026-08-16 02:40:35,078 INFO sqlalchemy.engine.Engine [cached since 2.421e+04s ago] ('admin1',)
2026-08-16 02:40:35,079 INFO sqlalchemy.engine.Engine BEGIN (implicit)
2026-08-16 02:40:35,079 INFO sqlalchemy.engine.Engine SELECT users.id, users.personal_number, users.first_name, users.last_name, users.display_name, users.hashed_password, users.is_active, users.is_admin, users.role_id, users.created_at, users.updated_at 
FROM users 
WHERE users.personal_number = ?
2026-08-16 02:40:35,080 INFO sqlalchemy.engine.Engine [cached since 2.421e+04s ago] ('admin1',)
2026-08-16 02:40:35,081 INFO sqlalchemy.engine.Engine ROLLBACK
2026-08-16 02:40:35,082 INFO sqlalchemy.engine.Engine ROLLBACK
INFO:     127.0.0.1:63010 - "GET /api/auth/me HTTP/1.1" 200 OK
INFO:     127.0.0.1:63011 - "GET /api/auth/me HTTP/1.1" 200 OK
2026-08-16 02:40:35,976 INFO sqlalchemy.engine.Engine BEGIN (implicit)
2026-08-16 02:40:35,977 INFO sqlalchemy.engine.Engine SELECT users.id, users.personal_number, users.first_name, users.last_name, users.display_name, users.hashed_password, users.is_active, users.is_admin, users.role_id, users.created_at, users.updated_at 
FROM users 
WHERE users.personal_number = ?
2026-08-16 02:40:35,977 INFO sqlalchemy.engine.Engine [cached since 2.421e+04s ago] ('admin1',)
2026-08-16 02:40:35,978 INFO sqlalchemy.engine.Engine BEGIN (implicit)
2026-08-16 02:40:35,978 INFO sqlalchemy.engine.Engine SELECT users.id, users.personal_number, users.first_name, users.last_name, users.display_name, users.hashed_password, users.is_active, users.is_admin, users.role_id, users.created_at, users.updated_at 
FROM users 
WHERE users.personal_number = ?
2026-08-16 02:40:35,979 INFO sqlalchemy.engine.Engine [cached since 2.421e+04s ago] ('admin1',)
2026-08-16 02:40:35,980 INFO sqlalchemy.engine.Engine ROLLBACK
2026-08-16 02:40:35,981 INFO sqlalchemy.engine.Engine ROLLBACK
INFO:     127.0.0.1:63015 - "GET /api/auth/me HTTP/1.1" 200 OK
INFO:     127.0.0.1:63016 - "GET /api/auth/me HTTP/1.1" 200 OK
2026-08-16 02:40:37,562 INFO sqlalchemy.engine.Engine BEGIN (implicit)
2026-08-16 02:40:37,563 INFO sqlalchemy.engine.Engine SELECT users.id, users.personal_number, users.first_name, users.last_name, users.display_name, users.hashed_password, users.is_active, users.is_admin, users.role_id, users.created_at, users.updated_at 
FROM users 
WHERE users.personal_number = ?
2026-08-16 02:40:37,563 INFO sqlalchemy.engine.Engine [cached since 2.421e+04s ago] ('admin1',)
2026-08-16 02:40:37,564 INFO sqlalchemy.engine.Engine BEGIN (implicit)
2026-08-16 02:40:37,564 INFO sqlalchemy.engine.Engine SELECT users.id, users.personal_number, users.first_name, users.last_name, users.display_name, users.hashed_password, users.is_active, users.is_admin, users.role_id, users.created_at, users.updated_at 
FROM users 
WHERE users.personal_number = ?
2026-08-16 02:40:37,564 INFO sqlalchemy.engine.Engine [cached since 2.421e+04s ago] ('admin1',)
2026-08-16 02:40:37,576 INFO sqlalchemy.engine.Engine ROLLBACK
2026-08-16 02:40:37,578 INFO sqlalchemy.engine.Engine ROLLBACK
INFO:     127.0.0.1:63022 - "GET /api/auth/me HTTP/1.1" 200 OK
INFO:     127.0.0.1:63023 - "GET /api/auth/me HTTP/1.1" 200 OK
2026-08-16 02:40:38,283 INFO sqlalchemy.engine.Engine BEGIN (implicit)
2026-08-16 02:40:38,284 INFO sqlalchemy.engine.Engine SELECT users.id, users.personal_number, users.first_name, users.last_name, users.display_name, users.hashed_password, users.is_active, users.is_admin, users.role_id, users.created_at, users.updated_at 
FROM users 
WHERE users.personal_number = ?
2026-08-16 02:40:38,284 INFO sqlalchemy.engine.Engine [cached since 2.422e+04s ago] ('admin1',)
2026-08-16 02:40:38,286 INFO sqlalchemy.engine.Engine ROLLBACK
INFO:     127.0.0.1:63028 - "GET /api/auth/me HTTP/1.1" 200 OK
2026-08-16 02:42:14,126 INFO sqlalchemy.engine.Engine BEGIN (implicit)
2026-08-16 02:42:14,127 INFO sqlalchemy.engine.Engine SELECT users.id, users.personal_number, users.first_name, users.last_name, users.display_name, users.hashed_password, users.is_active, users.is_admin, users.role_id, users.created_at, users.updated_at 
FROM users 
WHERE users.personal_number = ?
2026-08-16 02:42:14,127 INFO sqlalchemy.engine.Engine [cached since 2.431e+04s ago] ('admin1',)
2026-08-16 02:42:14,376 INFO sqlalchemy.engine.Engine ROLLBACK
INFO:     127.0.0.1:56291 - "POST /api/auth/admin/login HTTP/1.1" 200 OK
2026-08-16 02:43:05,400 INFO sqlalchemy.engine.Engine BEGIN (implicit)
2026-08-16 02:43:05,401 INFO sqlalchemy.engine.Engine SELECT users.id, users.personal_number, users.first_name, users.last_name, users.display_name, users.hashed_password, users.is_active, users.is_admin, users.role_id, users.created_at, users.updated_at 
FROM users 
WHERE users.personal_number = ?
2026-08-16 02:43:05,401 INFO sqlalchemy.engine.Engine [cached since 2.436e+04s ago] ('admin1',)
2026-08-16 02:43:05,403 INFO sqlalchemy.engine.Engine ROLLBACK
INFO:     127.0.0.1:64344 - "GET /api/auth/me HTTP/1.1" 200 OK
2026-08-16 02:43:05,407 INFO sqlalchemy.engine.Engine BEGIN (implicit)
2026-08-16 02:43:05,410 INFO sqlalchemy.engine.Engine SELECT users.id, users.personal_number, users.first_name, users.last_name, users.display_name, users.hashed_password, users.is_active, users.is_admin, users.role_id, users.created_at, users.updated_at 
FROM users 
WHERE users.personal_number = ?
2026-08-16 02:43:05,410 INFO sqlalchemy.engine.Engine [cached since 2.436e+04s ago] ('admin1',)
2026-08-16 02:43:05,412 INFO sqlalchemy.engine.Engine ROLLBACK
INFO:     127.0.0.1:64345 - "GET /api/auth/me HTTP/1.1" 200 OK
2026-08-16 02:43:06,388 INFO sqlalchemy.engine.Engine BEGIN (implicit)
2026-08-16 02:43:06,389 INFO sqlalchemy.engine.Engine SELECT users.id, users.personal_number, users.first_name, users.last_name, users.display_name, users.hashed_password, users.is_active, users.is_admin, users.role_id, users.created_at, users.updated_at 
FROM users 
WHERE users.personal_number = ?
2026-08-16 02:43:06,389 INFO sqlalchemy.engine.Engine [cached since 2.436e+04s ago] ('admin1',)
2026-08-16 02:43:06,391 INFO sqlalchemy.engine.Engine SELECT serial_articles.id, serial_articles.article_number, serial_articles.description, serial_articles.pdf_path, serial_articles.extra_metadata, serial_articles.created_at, serial_articles.updated_at 
FROM serial_articles
 LIMIT ? OFFSET ?
2026-08-16 02:43:06,391 INFO sqlalchemy.engine.Engine [cached since 2.284e+04s ago] (100, 0)
2026-08-16 02:43:06,392 INFO sqlalchemy.engine.Engine ROLLBACK
INFO:     127.0.0.1:64347 - "GET /api/serial-articles/ HTTP/1.1" 200 OK
2026-08-16 02:43:28,937 INFO sqlalchemy.engine.Engine BEGIN (implicit)
2026-08-16 02:43:28,938 INFO sqlalchemy.engine.Engine SELECT users.id, users.personal_number, users.first_name, users.last_name, users.display_name, users.hashed_password, users.is_active, users.is_admin, users.role_id, users.created_at, users.updated_at 
FROM users 
WHERE users.personal_number = ?
2026-08-16 02:43:28,938 INFO sqlalchemy.engine.Engine [cached since 2.439e+04s ago] ('admin1',)
2026-08-16 02:43:28,940 INFO sqlalchemy.engine.Engine SELECT tools.id, tools.tool_id, tools.category, tools.status, tools.is_storage, tools.allow_duplicate_id, tools.measure_a, tools.measure_b, tools.description, tools.plant_id, tools.tool_type_id, tools.storage_location_id, tools.machine_id, tools.customer_id, tools.created_at, tools.updated_at, plants_1.id AS id_1, plants_1.name, plants_1.created_at AS created_at_1, plants_1.updated_at AS updated_at_1, tool_types_1.id AS id_2, tool_types_1.name AS name_1, tool_types_1.created_at AS created_at_2, tool_types_1.updated_at AS updated_at_2 
FROM tools LEFT OUTER JOIN plants AS plants_1 ON plants_1.id = tools.plant_id LEFT OUTER JOIN tool_types AS tool_types_1 ON tool_types_1.id = tools.tool_type_id
 LIMIT ? OFFSET ?
2026-08-16 02:43:28,940 INFO sqlalchemy.engine.Engine [cached since 2.286e+04s ago] (500, 0)
2026-08-16 02:43:28,942 INFO sqlalchemy.engine.Engine ROLLBACK
INFO:     127.0.0.1:64367 - "GET /api/tools/?limit=500 HTTP/1.1" 200 OK
2026-08-16 02:43:28,947 INFO sqlalchemy.engine.Engine BEGIN (implicit)
2026-08-16 02:43:29,306 INFO sqlalchemy.engine.Engine SELECT users.id, users.personal_number, users.first_name, users.last_name, users.display_name, users.hashed_password, users.is_active, users.is_admin, users.role_id, users.created_at, users.updated_at 
FROM users 
WHERE users.personal_number = ?
2026-08-16 02:43:29,306 INFO sqlalchemy.engine.Engine [cached since 2.439e+04s ago] ('admin1',)
2026-08-16 02:43:29,308 INFO sqlalchemy.engine.Engine SELECT tools.id, tools.tool_id, tools.category, tools.status, tools.is_storage, tools.allow_duplicate_id, tools.measure_a, tools.measure_b, tools.description, tools.plant_id, tools.tool_type_id, tools.storage_location_id, tools.machine_id, tools.customer_id, tools.created_at, tools.updated_at, plants_1.id AS id_1, plants_1.name, plants_1.created_at AS created_at_1, plants_1.updated_at AS updated_at_1, tool_types_1.id AS id_2, tool_types_1.name AS name_1, tool_types_1.created_at AS created_at_2, tool_types_1.updated_at AS updated_at_2 
FROM tools LEFT OUTER JOIN plants AS plants_1 ON plants_1.id = tools.plant_id LEFT OUTER JOIN tool_types AS tool_types_1 ON tool_types_1.id = tools.tool_type_id
 LIMIT ? OFFSET ?
2026-08-16 02:43:29,309 INFO sqlalchemy.engine.Engine [cached since 2.286e+04s ago] (500, 0)
2026-08-16 02:43:29,311 INFO sqlalchemy.engine.Engine ROLLBACK
INFO:     127.0.0.1:64369 - "GET /api/tools/?limit=500 HTTP/1.1" 200 OK
2026-08-16 02:43:32,651 INFO sqlalchemy.engine.Engine BEGIN (implicit)
2026-08-16 02:43:32,652 INFO sqlalchemy.engine.Engine SELECT users.id, users.personal_number, users.first_name, users.last_name, users.display_name, users.hashed_password, users.is_active, users.is_admin, users.role_id, users.created_at, users.updated_at 
FROM users 
WHERE users.personal_number = ?
2026-08-16 02:43:32,652 INFO sqlalchemy.engine.Engine [cached since 2.439e+04s ago] ('admin1',)
2026-08-16 02:43:32,654 INFO sqlalchemy.engine.Engine SELECT storage_items.id, storage_items.storage_id, storage_items.name, storage_items.type, storage_items.article_number, storage_items.machine_id, storage_items.location_id, storage_items.description, storage_items.allow_duplicate_id, storage_items.created_at, storage_items.updated_at 
FROM storage_items ORDER BY storage_items.storage_id
 LIMIT ? OFFSET ?
2026-08-16 02:43:32,655 INFO sqlalchemy.engine.Engine [cached since 2.286e+04s ago] (500, 0)
2026-08-16 02:43:32,655 INFO sqlalchemy.engine.Engine ROLLBACK
INFO:     127.0.0.1:64373 - "GET /api/storage/?limit=500 HTTP/1.1" 500 Internal Server Error
2026-08-16 02:43:34,508 INFO sqlalchemy.engine.Engine BEGIN (implicit)
2026-08-16 02:43:34,509 INFO sqlalchemy.engine.Engine SELECT users.id, users.personal_number, users.first_name, users.last_name, users.display_name, users.hashed_password, users.is_active, users.is_admin, users.role_id, users.created_at, users.updated_at 
FROM users 
WHERE users.personal_number = ?
2026-08-16 02:43:34,509 INFO sqlalchemy.engine.Engine [cached since 2.439e+04s ago] ('admin1',)
2026-08-16 02:43:34,511 INFO sqlalchemy.engine.Engine SELECT serial_articles.id, serial_articles.article_number, serial_articles.description, serial_articles.pdf_path, serial_articles.extra_metadata, serial_articles.created_at, serial_articles.updated_at 
FROM serial_articles
 LIMIT ? OFFSET ?
2026-08-16 02:43:34,511 INFO sqlalchemy.engine.Engine [cached since 2.286e+04s ago] (100, 0)
2026-08-16 02:43:34,512 INFO sqlalchemy.engine.Engine ROLLBACK
INFO:     127.0.0.1:64376 - "GET /api/serial-articles/ HTTP/1.1" 200 OK
2026-08-16 02:43:58,749 INFO sqlalchemy.engine.Engine BEGIN (implicit)
2026-08-16 02:43:58,750 INFO sqlalchemy.engine.Engine SELECT users.id, users.personal_number, users.first_name, users.last_name, users.display_name, users.hashed_password, users.is_active, users.is_admin, users.role_id, users.created_at, users.updated_at 
FROM users 
WHERE users.personal_number = ?
2026-08-16 02:43:58,750 INFO sqlalchemy.engine.Engine [cached since 2.442e+04s ago] ('admin1',)
2026-08-16 02:43:58,752 INFO sqlalchemy.engine.Engine SELECT tools.id, tools.tool_id, tools.category, tools.status, tools.is_storage, tools.allow_duplicate_id, tools.measure_a, tools.measure_b, tools.description, tools.plant_id, tools.tool_type_id, tools.storage_location_id, tools.machine_id, tools.customer_id, tools.created_at, tools.updated_at, plants_1.id AS id_1, plants_1.name, plants_1.created_at AS created_at_1, plants_1.updated_at AS updated_at_1, tool_types_1.id AS id_2, tool_types_1.name AS name_1, tool_types_1.created_at AS created_at_2, tool_types_1.updated_at AS updated_at_2 
FROM tools LEFT OUTER JOIN plants AS plants_1 ON plants_1.id = tools.plant_id LEFT OUTER JOIN tool_types AS tool_types_1 ON tool_types_1.id = tools.tool_type_id
 LIMIT ? OFFSET ?
2026-08-16 02:43:58,753 INFO sqlalchemy.engine.Engine [cached since 2.289e+04s ago] (500, 0)
2026-08-16 02:43:58,754 INFO sqlalchemy.engine.Engine ROLLBACK
INFO:     127.0.0.1:64392 - "GET /api/tools/?limit=500 HTTP/1.1" 200 OK
2026-08-16 02:43:58,759 INFO sqlalchemy.engine.Engine BEGIN (implicit)
2026-08-16 02:43:59,045 INFO sqlalchemy.engine.Engine SELECT users.id, users.personal_number, users.first_name, users.last_name, users.display_name, users.hashed_password, users.is_active, users.is_admin, users.role_id, users.created_at, users.updated_at 
FROM users 
WHERE users.personal_number = ?
2026-08-16 02:43:59,046 INFO sqlalchemy.engine.Engine [cached since 2.442e+04s ago] ('admin1',)
2026-08-16 02:43:59,047 INFO sqlalchemy.engine.Engine SELECT tools.id, tools.tool_id, tools.category, tools.status, tools.is_storage, tools.allow_duplicate_id, tools.measure_a, tools.measure_b, tools.description, tools.plant_id, tools.tool_type_id, tools.storage_location_id, tools.machine_id, tools.customer_id, tools.created_at, tools.updated_at, plants_1.id AS id_1, plants_1.name, plants_1.created_at AS created_at_1, plants_1.updated_at AS updated_at_1, tool_types_1.id AS id_2, tool_types_1.name AS name_1, tool_types_1.created_at AS created_at_2, tool_types_1.updated_at AS updated_at_2 
FROM tools LEFT OUTER JOIN plants AS plants_1 ON plants_1.id = tools.plant_id LEFT OUTER JOIN tool_types AS tool_types_1 ON tool_types_1.id = tools.tool_type_id
 LIMIT ? OFFSET ?
2026-08-16 02:43:59,048 INFO sqlalchemy.engine.Engine [cached since 2.289e+04s ago] (500, 0)
2026-08-16 02:43:59,049 INFO sqlalchemy.engine.Engine ROLLBACK
INFO:     127.0.0.1:64394 - "GET /api/tools/?limit=500 HTTP/1.1" 200 OK
2026-08-16 02:44:50,830 INFO sqlalchemy.engine.Engine BEGIN (implicit)
2026-08-16 02:44:50,830 INFO sqlalchemy.engine.Engine SELECT users.id, users.personal_number, users.first_name, users.last_name, users.display_name, users.hashed_password, users.is_active, users.is_admin, users.role_id, users.created_at, users.updated_at 
FROM users 
WHERE users.personal_number = ?
2026-08-16 02:44:50,831 INFO sqlalchemy.engine.Engine [cached since 2.447e+04s ago] ('admin1',)
2026-08-16 02:44:50,833 INFO sqlalchemy.engine.Engine ROLLBACK
INFO:     127.0.0.1:62984 - "GET /api/auth/me HTTP/1.1" 200 OK
2026-08-16 02:44:50,838 INFO sqlalchemy.engine.Engine BEGIN (implicit)
2026-08-16 02:44:51,189 INFO sqlalchemy.engine.Engine SELECT users.id, users.personal_number, users.first_name, users.last_name, users.display_name, users.hashed_password, users.is_active, users.is_admin, users.role_id, users.created_at, users.updated_at 
FROM users 
WHERE users.personal_number = ?
2026-08-16 02:44:51,189 INFO sqlalchemy.engine.Engine [cached since 2.447e+04s ago] ('admin1',)
2026-08-16 02:44:51,191 INFO sqlalchemy.engine.Engine ROLLBACK
INFO:     127.0.0.1:62985 - "GET /api/auth/me HTTP/1.1" 200 OK
2026-08-16 02:44:51,198 INFO sqlalchemy.engine.Engine BEGIN (implicit)
2026-08-16 02:44:51,198 INFO sqlalchemy.engine.Engine SELECT users.id, users.personal_number, users.first_name, users.last_name, users.display_name, users.hashed_password, users.is_active, users.is_admin, users.role_id, users.created_at, users.updated_at 
FROM users 
WHERE users.personal_number = ?
2026-08-16 02:44:51,199 INFO sqlalchemy.engine.Engine [cached since 2.447e+04s ago] ('admin1',)
2026-08-16 02:44:51,200 INFO sqlalchemy.engine.Engine SELECT serial_articles.id, serial_articles.article_number, serial_articles.description, serial_articles.pdf_path, serial_articles.extra_metadata, serial_articles.created_at, serial_articles.updated_at 
FROM serial_articles
 LIMIT ? OFFSET ?
2026-08-16 02:44:51,200 INFO sqlalchemy.engine.Engine [cached since 2.294e+04s ago] (100, 0)
2026-08-16 02:44:51,201 INFO sqlalchemy.engine.Engine ROLLBACK
INFO:     127.0.0.1:62986 - "GET /api/serial-articles/ HTTP/1.1" 200 OK
2026-08-16 03:08:58,162 INFO sqlalchemy.engine.Engine BEGIN (implicit)
2026-08-16 03:08:58,163 INFO sqlalchemy.engine.Engine SELECT users.id, users.personal_number, users.first_name, users.last_name, users.display_name, users.hashed_password, users.is_active, users.is_admin, users.role_id, users.created_at, users.updated_at 
FROM users 
WHERE users.personal_number = ?
2026-08-16 03:08:58,163 INFO sqlalchemy.engine.Engine [cached since 2.592e+04s ago] ('admin1',)
2026-08-16 03:08:58,165 INFO sqlalchemy.engine.Engine SELECT tools.id, tools.tool_id, tools.category, tools.status, tools.is_storage, tools.allow_duplicate_id, tools.measure_a, tools.measure_b, tools.description, tools.plant_id, tools.tool_type_id, tools.storage_location_id, tools.machine_id, tools.customer_id, tools.created_at, tools.updated_at, plants_1.id AS id_1, plants_1.name, plants_1.created_at AS created_at_1, plants_1.updated_at AS updated_at_1, tool_types_1.id AS id_2, tool_types_1.name AS name_1, tool_types_1.created_at AS created_at_2, tool_types_1.updated_at AS updated_at_2 
FROM tools LEFT OUTER JOIN plants AS plants_1 ON plants_1.id = tools.plant_id LEFT OUTER JOIN tool_types AS tool_types_1 ON tool_types_1.id = tools.tool_type_id
 LIMIT ? OFFSET ?
2026-08-16 03:08:58,165 INFO sqlalchemy.engine.Engine [cached since 2.439e+04s ago] (500, 0)
2026-08-16 03:08:58,167 INFO sqlalchemy.engine.Engine ROLLBACK
INFO:     127.0.0.1:61985 - "GET /api/tools/?limit=500 HTTP/1.1" 200 OK
2026-08-16 03:08:58,174 INFO sqlalchemy.engine.Engine BEGIN (implicit)
2026-08-16 03:08:58,177 INFO sqlalchemy.engine.Engine SELECT users.id, users.personal_number, users.first_name, users.last_name, users.display_name, users.hashed_password, users.is_active, users.is_admin, users.role_id, users.created_at, users.updated_at 
FROM users 
WHERE users.personal_number = ?
2026-08-16 03:08:58,177 INFO sqlalchemy.engine.Engine [cached since 2.592e+04s ago] ('admin1',)
2026-08-16 03:08:58,179 INFO sqlalchemy.engine.Engine SELECT tools.id, tools.tool_id, tools.category, tools.status, tools.is_storage, tools.allow_duplicate_id, tools.measure_a, tools.measure_b, tools.description, tools.plant_id, tools.tool_type_id, tools.storage_location_id, tools.machine_id, tools.customer_id, tools.created_at, tools.updated_at, plants_1.id AS id_1, plants_1.name, plants_1.created_at AS created_at_1, plants_1.updated_at AS updated_at_1, tool_types_1.id AS id_2, tool_types_1.name AS name_1, tool_types_1.created_at AS created_at_2, tool_types_1.updated_at AS updated_at_2 
FROM tools LEFT OUTER JOIN plants AS plants_1 ON plants_1.id = tools.plant_id LEFT OUTER JOIN tool_types AS tool_types_1 ON tool_types_1.id = tools.tool_type_id
 LIMIT ? OFFSET ?
2026-08-16 03:08:58,179 INFO sqlalchemy.engine.Engine [cached since 2.439e+04s ago] (500, 0)
2026-08-16 03:08:58,181 INFO sqlalchemy.engine.Engine ROLLBACK
INFO:     127.0.0.1:61987 - "GET /api/tools/?limit=500 HTTP/1.1" 200 OK
INFO:     127.0.0.1:62406 - "GET /api/auth/me HTTP/1.1" 401 Unauthorized
INFO:     127.0.0.1:62407 - "GET /api/auth/me HTTP/1.1" 401 Unauthorized
2026-08-16 03:40:21,321 INFO sqlalchemy.engine.Engine BEGIN (implicit)
2026-08-16 03:40:21,322 INFO sqlalchemy.engine.Engine SELECT users.id, users.personal_number, users.first_name, users.last_name, users.display_name, users.hashed_password, users.is_active, users.is_admin, users.role_id, users.created_at, users.updated_at 
FROM users 
WHERE users.personal_number = ?
2026-08-16 03:40:21,322 INFO sqlalchemy.engine.Engine [cached since 2.78e+04s ago] ('admin1',)
2026-08-16 03:40:21,560 INFO sqlalchemy.engine.Engine ROLLBACK
INFO:     127.0.0.1:57870 - "POST /api/auth/admin/login HTTP/1.1" 200 OK
2026-08-16 03:40:21,942 INFO sqlalchemy.engine.Engine BEGIN (implicit)
2026-08-16 03:40:21,943 INFO sqlalchemy.engine.Engine SELECT users.id, users.personal_number, users.first_name, users.last_name, users.display_name, users.hashed_password, users.is_active, users.is_admin, users.role_id, users.created_at, users.updated_at 
FROM users 
WHERE users.personal_number = ?
2026-08-16 03:40:21,943 INFO sqlalchemy.engine.Engine [cached since 2.78e+04s ago] ('admin1',)
2026-08-16 03:40:21,945 INFO sqlalchemy.engine.Engine SELECT serial_articles.id, serial_articles.article_number, serial_articles.description, serial_articles.pdf_path, serial_articles.extra_metadata, serial_articles.created_at, serial_articles.updated_at 
FROM serial_articles
 LIMIT ? OFFSET ?
2026-08-16 03:40:21,945 INFO sqlalchemy.engine.Engine [cached since 2.627e+04s ago] (100, 0)
2026-08-16 03:40:21,947 INFO sqlalchemy.engine.Engine ROLLBACK
INFO:     127.0.0.1:57872 - "GET /api/serial-articles/ HTTP/1.1" 200 OK
2026-08-16 03:40:27,041 INFO sqlalchemy.engine.Engine BEGIN (implicit)
2026-08-16 03:40:27,041 INFO sqlalchemy.engine.Engine SELECT users.id, users.personal_number, users.first_name, users.last_name, users.display_name, users.hashed_password, users.is_active, users.is_admin, users.role_id, users.created_at, users.updated_at 
FROM users 
WHERE users.personal_number = ?
2026-08-16 03:40:27,041 INFO sqlalchemy.engine.Engine [cached since 2.78e+04s ago] ('admin1',)
2026-08-16 03:40:27,044 INFO sqlalchemy.engine.Engine SELECT tools.id, tools.tool_id, tools.category, tools.status, tools.is_storage, tools.allow_duplicate_id, tools.measure_a, tools.measure_b, tools.description, tools.plant_id, tools.tool_type_id, tools.storage_location_id, tools.machine_id, tools.customer_id, tools.created_at, tools.updated_at, plants_1.id AS id_1, plants_1.name, plants_1.created_at AS created_at_1, plants_1.updated_at AS updated_at_1, tool_types_1.id AS id_2, tool_types_1.name AS name_1, tool_types_1.created_at AS created_at_2, tool_types_1.updated_at AS updated_at_2 
FROM tools LEFT OUTER JOIN plants AS plants_1 ON plants_1.id = tools.plant_id LEFT OUTER JOIN tool_types AS tool_types_1 ON tool_types_1.id = tools.tool_type_id
 LIMIT ? OFFSET ?
2026-08-16 03:40:27,044 INFO sqlalchemy.engine.Engine [cached since 2.628e+04s ago] (500, 0)
2026-08-16 03:40:27,046 INFO sqlalchemy.engine.Engine ROLLBACK
INFO:     127.0.0.1:57876 - "GET /api/tools/?limit=500 HTTP/1.1" 200 OK
2026-08-16 03:40:27,052 INFO sqlalchemy.engine.Engine BEGIN (implicit)
2026-08-16 03:40:27,057 INFO sqlalchemy.engine.Engine SELECT users.id, users.personal_number, users.first_name, users.last_name, users.display_name, users.hashed_password, users.is_active, users.is_admin, users.role_id, users.created_at, users.updated_at 
FROM users 
WHERE users.personal_number = ?
2026-08-16 03:40:27,058 INFO sqlalchemy.engine.Engine [cached since 2.78e+04s ago] ('admin1',)
2026-08-16 03:40:27,059 INFO sqlalchemy.engine.Engine SELECT tools.id, tools.tool_id, tools.category, tools.status, tools.is_storage, tools.allow_duplicate_id, tools.measure_a, tools.measure_b, tools.description, tools.plant_id, tools.tool_type_id, tools.storage_location_id, tools.machine_id, tools.customer_id, tools.created_at, tools.updated_at, plants_1.id AS id_1, plants_1.name, plants_1.created_at AS created_at_1, plants_1.updated_at AS updated_at_1, tool_types_1.id AS id_2, tool_types_1.name AS name_1, tool_types_1.created_at AS created_at_2, tool_types_1.updated_at AS updated_at_2 
FROM tools LEFT OUTER JOIN plants AS plants_1 ON plants_1.id = tools.plant_id LEFT OUTER JOIN tool_types AS tool_types_1 ON tool_types_1.id = tools.tool_type_id
 LIMIT ? OFFSET ?
2026-08-16 03:40:27,060 INFO sqlalchemy.engine.Engine [cached since 2.628e+04s ago] (500, 0)
2026-08-16 03:40:27,061 INFO sqlalchemy.engine.Engine ROLLBACK
INFO:     127.0.0.1:57878 - "GET /api/tools/?limit=500 HTTP/1.1" 200 OK
2026-08-16 03:40:29,359 INFO sqlalchemy.engine.Engine BEGIN (implicit)
2026-08-16 03:40:29,360 INFO sqlalchemy.engine.Engine SELECT users.id, users.personal_number, users.first_name, users.last_name, users.display_name, users.hashed_password, users.is_active, users.is_admin, users.role_id, users.created_at, users.updated_at 
FROM users 
WHERE users.personal_number = ?
2026-08-16 03:40:29,360 INFO sqlalchemy.engine.Engine [cached since 2.781e+04s ago] ('admin1',)
2026-08-16 03:40:29,363 INFO sqlalchemy.engine.Engine SELECT storage_items.id, storage_items.storage_id, storage_items.name, storage_items.type, storage_items.article_number, storage_items.machine_id, storage_items.location_id, storage_items.description, storage_items.allow_duplicate_id, storage_items.created_at, storage_items.updated_at 
FROM storage_items ORDER BY storage_items.storage_id
 LIMIT ? OFFSET ?
2026-08-16 03:40:29,363 INFO sqlalchemy.engine.Engine [cached since 2.628e+04s ago] (500, 0)
2026-08-16 03:40:29,364 INFO sqlalchemy.engine.Engine ROLLBACK
INFO:     127.0.0.1:57881 - "GET /api/storage/?limit=500 HTTP/1.1" 500 Internal Server Error
2026-08-16 03:40:30,471 INFO sqlalchemy.engine.Engine BEGIN (implicit)
2026-08-16 03:40:30,471 INFO sqlalchemy.engine.Engine SELECT users.id, users.personal_number, users.first_name, users.last_name, users.display_name, users.hashed_password, users.is_active, users.is_admin, users.role_id, users.created_at, users.updated_at 
FROM users 
WHERE users.personal_number = ?
2026-08-16 03:40:30,471 INFO sqlalchemy.engine.Engine [cached since 2.781e+04s ago] ('admin1',)
2026-08-16 03:40:30,474 INFO sqlalchemy.engine.Engine SELECT serial_articles.id, serial_articles.article_number, serial_articles.description, serial_articles.pdf_path, serial_articles.extra_metadata, serial_articles.created_at, serial_articles.updated_at 
FROM serial_articles
 LIMIT ? OFFSET ?
2026-08-16 03:40:30,474 INFO sqlalchemy.engine.Engine [cached since 2.628e+04s ago] (100, 0)
2026-08-16 03:40:30,475 INFO sqlalchemy.engine.Engine ROLLBACK
INFO:     127.0.0.1:57884 - "GET /api/serial-articles/ HTTP/1.1" 200 OK
2026-08-16 03:50:48,354 INFO sqlalchemy.engine.Engine BEGIN (implicit)
2026-08-16 03:50:48,355 INFO sqlalchemy.engine.Engine SELECT users.id, users.personal_number, users.first_name, users.last_name, users.display_name, users.hashed_password, users.is_active, users.is_admin, users.role_id, users.created_at, users.updated_at 
FROM users 
WHERE users.personal_number = ?
2026-08-16 03:50:48,355 INFO sqlalchemy.engine.Engine [cached since 2.843e+04s ago] ('admin1',)
2026-08-16 03:50:48,356 INFO sqlalchemy.engine.Engine BEGIN (implicit)
2026-08-16 03:50:48,356 INFO sqlalchemy.engine.Engine SELECT users.id, users.personal_number, users.first_name, users.last_name, users.display_name, users.hashed_password, users.is_active, users.is_admin, users.role_id, users.created_at, users.updated_at 
FROM users 
WHERE users.personal_number = ?
2026-08-16 03:50:48,357 INFO sqlalchemy.engine.Engine [cached since 2.843e+04s ago] ('admin1',)
2026-08-16 03:50:48,359 INFO sqlalchemy.engine.Engine ROLLBACK
2026-08-16 03:50:48,360 INFO sqlalchemy.engine.Engine ROLLBACK
INFO:     127.0.0.1:57978 - "GET /api/auth/me HTTP/1.1" 200 OK
INFO:     127.0.0.1:57979 - "GET /api/auth/me HTTP/1.1" 200 OK
2026-08-16 03:50:48,779 INFO sqlalchemy.engine.Engine BEGIN (implicit)
2026-08-16 03:50:48,779 INFO sqlalchemy.engine.Engine SELECT users.id, users.personal_number, users.first_name, users.last_name, users.display_name, users.hashed_password, users.is_active, users.is_admin, users.role_id, users.created_at, users.updated_at 
FROM users 
WHERE users.personal_number = ?
2026-08-16 03:50:48,780 INFO sqlalchemy.engine.Engine [cached since 2.843e+04s ago] ('admin1',)
2026-08-16 03:50:48,782 INFO sqlalchemy.engine.Engine SELECT serial_articles.id, serial_articles.article_number, serial_articles.description, serial_articles.pdf_path, serial_articles.extra_metadata, serial_articles.created_at, serial_articles.updated_at 
FROM serial_articles
 LIMIT ? OFFSET ?
2026-08-16 03:50:48,782 INFO sqlalchemy.engine.Engine [cached since 2.69e+04s ago] (100, 0)
2026-08-16 03:50:48,783 INFO sqlalchemy.engine.Engine ROLLBACK
INFO:     127.0.0.1:57980 - "GET /api/serial-articles/ HTTP/1.1" 200 OK
2026-08-16 03:50:52,487 INFO sqlalchemy.engine.Engine BEGIN (implicit)
2026-08-16 03:50:52,487 INFO sqlalchemy.engine.Engine SELECT users.id, users.personal_number, users.first_name, users.last_name, users.display_name, users.hashed_password, users.is_active, users.is_admin, users.role_id, users.created_at, users.updated_at 
FROM users 
WHERE users.personal_number = ?
2026-08-16 03:50:52,488 INFO sqlalchemy.engine.Engine [cached since 2.843e+04s ago] ('admin1',)
2026-08-16 03:50:52,490 INFO sqlalchemy.engine.Engine SELECT tools.id, tools.tool_id, tools.category, tools.status, tools.is_storage, tools.allow_duplicate_id, tools.measure_a, tools.measure_b, tools.description, tools.plant_id, tools.tool_type_id, tools.storage_location_id, tools.machine_id, tools.customer_id, tools.created_at, tools.updated_at, plants_1.id AS id_1, plants_1.name, plants_1.created_at AS created_at_1, plants_1.updated_at AS updated_at_1, tool_types_1.id AS id_2, tool_types_1.name AS name_1, tool_types_1.created_at AS created_at_2, tool_types_1.updated_at AS updated_at_2 
FROM tools LEFT OUTER JOIN plants AS plants_1 ON plants_1.id = tools.plant_id LEFT OUTER JOIN tool_types AS tool_types_1 ON tool_types_1.id = tools.tool_type_id
 LIMIT ? OFFSET ?
2026-08-16 03:50:52,490 INFO sqlalchemy.engine.Engine [cached since 2.69e+04s ago] (500, 0)
2026-08-16 03:50:52,492 INFO sqlalchemy.engine.Engine ROLLBACK
INFO:     127.0.0.1:57982 - "GET /api/tools/?limit=500 HTTP/1.1" 200 OK
2026-08-16 03:50:52,498 INFO sqlalchemy.engine.Engine BEGIN (implicit)
2026-08-16 03:50:52,503 INFO sqlalchemy.engine.Engine SELECT users.id, users.personal_number, users.first_name, users.last_name, users.display_name, users.hashed_password, users.is_active, users.is_admin, users.role_id, users.created_at, users.updated_at 
FROM users 
WHERE users.personal_number = ?
2026-08-16 03:50:52,504 INFO sqlalchemy.engine.Engine [cached since 2.843e+04s ago] ('admin1',)
2026-08-16 03:50:52,506 INFO sqlalchemy.engine.Engine SELECT tools.id, tools.tool_id, tools.category, tools.status, tools.is_storage, tools.allow_duplicate_id, tools.measure_a, tools.measure_b, tools.description, tools.plant_id, tools.tool_type_id, tools.storage_location_id, tools.machine_id, tools.customer_id, tools.created_at, tools.updated_at, plants_1.id AS id_1, plants_1.name, plants_1.created_at AS created_at_1, plants_1.updated_at AS updated_at_1, tool_types_1.id AS id_2, tool_types_1.name AS name_1, tool_types_1.created_at AS created_at_2, tool_types_1.updated_at AS updated_at_2 
FROM tools LEFT OUTER JOIN plants AS plants_1 ON plants_1.id = tools.plant_id LEFT OUTER JOIN tool_types AS tool_types_1 ON tool_types_1.id = tools.tool_type_id
 LIMIT ? OFFSET ?
2026-08-16 03:50:52,506 INFO sqlalchemy.engine.Engine [cached since 2.69e+04s ago] (500, 0)
2026-08-16 03:50:52,508 INFO sqlalchemy.engine.Engine ROLLBACK
INFO:     127.0.0.1:57983 - "GET /api/tools/?limit=500 HTTP/1.1" 200 OK
2026-08-16 03:50:55,990 INFO sqlalchemy.engine.Engine BEGIN (implicit)
2026-08-16 03:50:55,990 INFO sqlalchemy.engine.Engine SELECT users.id, users.personal_number, users.first_name, users.last_name, users.display_name, users.hashed_password, users.is_active, users.is_admin, users.role_id, users.created_at, users.updated_at 
FROM users 
WHERE users.personal_number = ?
2026-08-16 03:50:55,991 INFO sqlalchemy.engine.Engine [cached since 2.843e+04s ago] ('admin1',)
2026-08-16 03:50:55,992 INFO sqlalchemy.engine.Engine SELECT serial_articles.id, serial_articles.article_number, serial_articles.description, serial_articles.pdf_path, serial_articles.extra_metadata, serial_articles.created_at, serial_articles.updated_at 
FROM serial_articles
 LIMIT ? OFFSET ?
2026-08-16 03:50:55,993 INFO sqlalchemy.engine.Engine [cached since 2.691e+04s ago] (100, 0)
2026-08-16 03:50:55,994 INFO sqlalchemy.engine.Engine ROLLBACK
INFO:     127.0.0.1:57987 - "GET /api/serial-articles/ HTTP/1.1" 200 OK
2026-08-16 03:51:02,212 INFO sqlalchemy.engine.Engine BEGIN (implicit)
2026-08-16 03:51:02,213 INFO sqlalchemy.engine.Engine SELECT users.id, users.personal_number, users.first_name, users.last_name, users.display_name, users.hashed_password, users.is_active, users.is_admin, users.role_id, users.created_at, users.updated_at 
FROM users 
WHERE users.personal_number = ?
2026-08-16 03:51:02,213 INFO sqlalchemy.engine.Engine [cached since 2.844e+04s ago] ('admin1',)
2026-08-16 03:51:02,215 INFO sqlalchemy.engine.Engine SELECT tools.id, tools.tool_id, tools.category, tools.status, tools.is_storage, tools.allow_duplicate_id, tools.measure_a, tools.measure_b, tools.description, tools.plant_id, tools.tool_type_id, tools.storage_location_id, tools.machine_id, tools.customer_id, tools.created_at, tools.updated_at, plants_1.id AS id_1, plants_1.name, plants_1.created_at AS created_at_1, plants_1.updated_at AS updated_at_1, tool_types_1.id AS id_2, tool_types_1.name AS name_1, tool_types_1.created_at AS created_at_2, tool_types_1.updated_at AS updated_at_2 
FROM tools LEFT OUTER JOIN plants AS plants_1 ON plants_1.id = tools.plant_id LEFT OUTER JOIN tool_types AS tool_types_1 ON tool_types_1.id = tools.tool_type_id
 LIMIT ? OFFSET ?
2026-08-16 03:51:02,216 INFO sqlalchemy.engine.Engine [cached since 2.691e+04s ago] (500, 0)
2026-08-16 03:51:02,217 INFO sqlalchemy.engine.Engine ROLLBACK
INFO:     127.0.0.1:57993 - "GET /api/tools/?limit=500 HTTP/1.1" 200 OK
2026-08-16 03:51:02,223 INFO sqlalchemy.engine.Engine BEGIN (implicit)
2026-08-16 03:51:02,228 INFO sqlalchemy.engine.Engine SELECT users.id, users.personal_number, users.first_name, users.last_name, users.display_name, users.hashed_password, users.is_active, users.is_admin, users.role_id, users.created_at, users.updated_at 
FROM users 
WHERE users.personal_number = ?
2026-08-16 03:51:02,229 INFO sqlalchemy.engine.Engine [cached since 2.844e+04s ago] ('admin1',)
2026-08-16 03:51:02,230 INFO sqlalchemy.engine.Engine SELECT tools.id, tools.tool_id, tools.category, tools.status, tools.is_storage, tools.allow_duplicate_id, tools.measure_a, tools.measure_b, tools.description, tools.plant_id, tools.tool_type_id, tools.storage_location_id, tools.machine_id, tools.customer_id, tools.created_at, tools.updated_at, plants_1.id AS id_1, plants_1.name, plants_1.created_at AS created_at_1, plants_1.updated_at AS updated_at_1, tool_types_1.id AS id_2, tool_types_1.name AS name_1, tool_types_1.created_at AS created_at_2, tool_types_1.updated_at AS updated_at_2 
FROM tools LEFT OUTER JOIN plants AS plants_1 ON plants_1.id = tools.plant_id LEFT OUTER JOIN tool_types AS tool_types_1 ON tool_types_1.id = tools.tool_type_id
 LIMIT ? OFFSET ?
2026-08-16 03:51:02,231 INFO sqlalchemy.engine.Engine [cached since 2.691e+04s ago] (500, 0)
2026-08-16 03:51:02,232 INFO sqlalchemy.engine.Engine ROLLBACK
INFO:     127.0.0.1:57995 - "GET /api/tools/?limit=500 HTTP/1.1" 200 OK
2026-08-16 03:51:03,407 INFO sqlalchemy.engine.Engine BEGIN (implicit)
2026-08-16 03:51:03,407 INFO sqlalchemy.engine.Engine SELECT users.id, users.personal_number, users.first_name, users.last_name, users.display_name, users.hashed_password, users.is_active, users.is_admin, users.role_id, users.created_at, users.updated_at 
FROM users 
WHERE users.personal_number = ?
2026-08-16 03:51:03,408 INFO sqlalchemy.engine.Engine [cached since 2.844e+04s ago] ('admin1',)
2026-08-16 03:51:03,409 INFO sqlalchemy.engine.Engine SELECT serial_articles.id, serial_articles.article_number, serial_articles.description, serial_articles.pdf_path, serial_articles.extra_metadata, serial_articles.created_at, serial_articles.updated_at 
FROM serial_articles
 LIMIT ? OFFSET ?
2026-08-16 03:51:03,409 INFO sqlalchemy.engine.Engine [cached since 2.691e+04s ago] (100, 0)
2026-08-16 03:51:03,411 INFO sqlalchemy.engine.Engine ROLLBACK
INFO:     127.0.0.1:57999 - "GET /api/serial-articles/ HTTP/1.1" 200 OK
2026-08-16 03:51:39,482 INFO sqlalchemy.engine.Engine BEGIN (implicit)
2026-08-16 03:51:39,483 INFO sqlalchemy.engine.Engine SELECT users.id, users.personal_number, users.first_name, users.last_name, users.display_name, users.hashed_password, users.is_active, users.is_admin, users.role_id, users.created_at, users.updated_at 
FROM users 
WHERE users.personal_number = ?
2026-08-16 03:51:39,483 INFO sqlalchemy.engine.Engine [cached since 2.848e+04s ago] ('3001',)
2026-08-16 03:51:39,484 INFO sqlalchemy.engine.Engine ROLLBACK
INFO:     127.0.0.1:58025 - "POST /api/auth/login HTTP/1.1" 401 Unauthorized
2026-08-16 03:51:54,793 INFO sqlalchemy.engine.Engine BEGIN (implicit)
2026-08-16 03:51:54,794 INFO sqlalchemy.engine.Engine SELECT users.id, users.personal_number, users.first_name, users.last_name, users.display_name, users.hashed_password, users.is_active, users.is_admin, users.role_id, users.created_at, users.updated_at 
FROM users 
WHERE users.personal_number = ?
2026-08-16 03:51:54,794 INFO sqlalchemy.engine.Engine [cached since 2.849e+04s ago] ('admin',)
2026-08-16 03:51:54,796 INFO sqlalchemy.engine.Engine ROLLBACK
INFO:     127.0.0.1:58033 - "POST /api/auth/admin/login HTTP/1.1" 401 Unauthorized
2026-08-16 03:52:00,137 INFO sqlalchemy.engine.Engine BEGIN (implicit)
2026-08-16 03:52:00,138 INFO sqlalchemy.engine.Engine SELECT users.id, users.personal_number, users.first_name, users.last_name, users.display_name, users.hashed_password, users.is_active, users.is_admin, users.role_id, users.created_at, users.updated_at 
FROM users 
WHERE users.personal_number = ?
2026-08-16 03:52:00,138 INFO sqlalchemy.engine.Engine [cached since 2.85e+04s ago] ('admin',)
2026-08-16 03:52:00,140 INFO sqlalchemy.engine.Engine ROLLBACK
INFO:     127.0.0.1:58053 - "POST /api/auth/admin/login HTTP/1.1" 401 Unauthorized
2026-08-16 03:52:11,433 INFO sqlalchemy.engine.Engine BEGIN (implicit)
2026-08-16 03:52:11,434 INFO sqlalchemy.engine.Engine SELECT users.id, users.personal_number, users.first_name, users.last_name, users.display_name, users.hashed_password, users.is_active, users.is_admin, users.role_id, users.created_at, users.updated_at 
FROM users 
WHERE users.personal_number = ?
2026-08-16 03:52:11,434 INFO sqlalchemy.engine.Engine [cached since 2.851e+04s ago] ('admin1',)
2026-08-16 03:52:11,673 INFO sqlalchemy.engine.Engine ROLLBACK
INFO:     127.0.0.1:58062 - "POST /api/auth/admin/login HTTP/1.1" 200 OK
2026-08-16 03:52:12,011 INFO sqlalchemy.engine.Engine BEGIN (implicit)
2026-08-16 03:52:12,012 INFO sqlalchemy.engine.Engine SELECT users.id, users.personal_number, users.first_name, users.last_name, users.display_name, users.hashed_password, users.is_active, users.is_admin, users.role_id, users.created_at, users.updated_at 
FROM users 
WHERE users.personal_number = ?
2026-08-16 03:52:12,012 INFO sqlalchemy.engine.Engine [cached since 2.851e+04s ago] ('admin1',)
2026-08-16 03:52:12,014 INFO sqlalchemy.engine.Engine SELECT serial_articles.id, serial_articles.article_number, serial_articles.description, serial_articles.pdf_path, serial_articles.extra_metadata, serial_articles.created_at, serial_articles.updated_at 
FROM serial_articles
 LIMIT ? OFFSET ?
2026-08-16 03:52:12,015 INFO sqlalchemy.engine.Engine [cached since 2.698e+04s ago] (100, 0)
2026-08-16 03:52:12,016 INFO sqlalchemy.engine.Engine ROLLBACK
INFO:     127.0.0.1:58064 - "GET /api/serial-articles/ HTTP/1.1" 200 OK
2026-08-16 04:02:14,205 INFO sqlalchemy.engine.Engine BEGIN (implicit)
2026-08-16 04:02:14,205 INFO sqlalchemy.engine.Engine SELECT users.id, users.personal_number, users.first_name, users.last_name, users.display_name, users.hashed_password, users.is_active, users.is_admin, users.role_id, users.created_at, users.updated_at 
FROM users 
WHERE users.personal_number = ?
2026-08-16 04:02:14,206 INFO sqlalchemy.engine.Engine [cached since 2.911e+04s ago] ('admin1',)
2026-08-16 04:02:14,449 INFO sqlalchemy.engine.Engine ROLLBACK
INFO:     127.0.0.1:56849 - "POST /api/auth/admin/login HTTP/1.1" 200 OK
2026-08-16 04:02:14,831 INFO sqlalchemy.engine.Engine BEGIN (implicit)
2026-08-16 04:02:14,831 INFO sqlalchemy.engine.Engine SELECT users.id, users.personal_number, users.first_name, users.last_name, users.display_name, users.hashed_password, users.is_active, users.is_admin, users.role_id, users.created_at, users.updated_at 
FROM users 
WHERE users.personal_number = ?
2026-08-16 04:02:14,831 INFO sqlalchemy.engine.Engine [cached since 2.911e+04s ago] ('admin1',)
2026-08-16 04:02:14,833 INFO sqlalchemy.engine.Engine SELECT serial_articles.id, serial_articles.article_number, serial_articles.description, serial_articles.pdf_path, serial_articles.extra_metadata, serial_articles.created_at, serial_articles.updated_at 
FROM serial_articles
 LIMIT ? OFFSET ?
2026-08-16 04:02:14,833 INFO sqlalchemy.engine.Engine [cached since 2.758e+04s ago] (100, 0)
2026-08-16 04:02:14,835 INFO sqlalchemy.engine.Engine ROLLBACK
INFO:     127.0.0.1:56851 - "GET /api/serial-articles/ HTTP/1.1" 200 OK
2026-08-16 04:57:50,318 INFO sqlalchemy.engine.Engine BEGIN (implicit)
2026-08-16 04:57:50,320 INFO sqlalchemy.engine.Engine SELECT users.id, users.personal_number, users.first_name, users.last_name, users.display_name, users.hashed_password, users.is_active, users.is_admin, users.role_id, users.created_at, users.updated_at 
FROM users 
WHERE users.personal_number = ?
2026-08-16 04:57:50,321 INFO sqlalchemy.engine.Engine [cached since 3.245e+04s ago] ('admin1123',)
2026-08-16 04:57:50,346 INFO sqlalchemy.engine.Engine ROLLBACK
INFO:     127.0.0.1:55162 - "POST /api/auth/admin/login HTTP/1.1" 401 Unauthorized
2026-08-16 04:57:55,206 INFO sqlalchemy.engine.Engine BEGIN (implicit)
2026-08-16 04:57:55,207 INFO sqlalchemy.engine.Engine SELECT users.id, users.personal_number, users.first_name, users.last_name, users.display_name, users.hashed_password, users.is_active, users.is_admin, users.role_id, users.created_at, users.updated_at 
FROM users 
WHERE users.personal_number = ?
2026-08-16 04:57:55,207 INFO sqlalchemy.engine.Engine [cached since 3.245e+04s ago] ('admin1123',)
2026-08-16 04:57:55,209 INFO sqlalchemy.engine.Engine ROLLBACK
INFO:     127.0.0.1:55165 - "POST /api/auth/admin/login HTTP/1.1" 401 Unauthorized
2026-08-16 04:58:03,558 INFO sqlalchemy.engine.Engine BEGIN (implicit)
2026-08-16 04:58:03,559 INFO sqlalchemy.engine.Engine SELECT users.id, users.personal_number, users.first_name, users.last_name, users.display_name, users.hashed_password, users.is_active, users.is_admin, users.role_id, users.created_at, users.updated_at 
FROM users 
WHERE users.personal_number = ?
2026-08-16 04:58:03,559 INFO sqlalchemy.engine.Engine [cached since 3.246e+04s ago] ('admin1',)
2026-08-16 04:58:03,822 INFO sqlalchemy.engine.Engine ROLLBACK
INFO:     127.0.0.1:55176 - "POST /api/auth/admin/login HTTP/1.1" 200 OK
2026-08-16 04:58:04,147 INFO sqlalchemy.engine.Engine BEGIN (implicit)
2026-08-16 04:58:04,147 INFO sqlalchemy.engine.Engine SELECT users.id, users.personal_number, users.first_name, users.last_name, users.display_name, users.hashed_password, users.is_active, users.is_admin, users.role_id, users.created_at, users.updated_at 
FROM users 
WHERE users.personal_number = ?
2026-08-16 04:58:04,148 INFO sqlalchemy.engine.Engine [cached since 3.246e+04s ago] ('admin1',)
2026-08-16 04:58:04,150 INFO sqlalchemy.engine.Engine SELECT serial_articles.id, serial_articles.article_number, serial_articles.description, serial_articles.pdf_path, serial_articles.extra_metadata, serial_articles.created_at, serial_articles.updated_at 
FROM serial_articles
 LIMIT ? OFFSET ?
2026-08-16 04:58:04,150 INFO sqlalchemy.engine.Engine [cached since 3.093e+04s ago] (100, 0)
2026-08-16 04:58:04,151 INFO sqlalchemy.engine.Engine ROLLBACK
INFO:     127.0.0.1:55180 - "GET /api/serial-articles/ HTTP/1.1" 200 OK
